Verein,Name,Einsätze,Einwechslungen,Auswechslungen,Spielminuten,Tore,Torschüsse,Torvorlagen,Torschussvorlagen,Elfmeter verwandelt,Elfmeter verschossen,Laufleistung,Ballkontakte,Zweikampfquote,gespielte Pässe,angekommene Pässe,Fehlpässe,Passquote,Fouls,Gefoult worden,Abseits,Gelbe Karten,Gelb-rote Karten,Rote Karten,Note
FC Bayern München,Tom Starke,3,0,0,270,0,0,0,0,0,0,14.77,119,100,79,63,16,80,0,0,0,0,0,0,2.17
FC Bayern München,Arjen Robben,26,5,9,1825,13,83,12,50,0,0,207.12,1491,53,989,803,186,81,7,26,8,0,0,0,2.39
FC Bayern München,Franck Ribery,22,8,9,1239,5,21,11,49,0,0,155.72,1206,49,898,753,145,84,14,36,7,0,0,2,2.65
FC Bayern München,Robert Lewandowski,33,2,3,2775,30,143,8,30,5,0,309.83,1228,44,709,533,176,75,40,56,29,0,0,5,2.68
FC Bayern München,Philipp Lahm,26,2,7,2085,1,7,3,39,0,0,241.92,2347,60,1905,1714,191,90,11,19,2,0,0,1,2.71
FC Bayern München,Thiago,27,1,4,2288,6,37,4,49,0,0,285.84,3110,59,2561,2311,250,90,39,27,2,0,0,4,2.71
FC Bayern München,Mats Hummels,27,3,3,2181,1,32,2,10,0,0,231.39,2359,71,2075,1843,232,89,15,9,1,0,0,4,2.84
FC Bayern München,Manuel Neuer,26,0,0,2340,0,0,0,0,0,0,137.36,911,80,690,558,132,81,0,2,0,0,0,0,2.88
FC Bayern München,Javi Martinez,25,0,4,2131,1,11,1,4,0,0,217.42,2209,68,1959,1794,165,92,20,27,2,0,0,5,2.96
FC Bayern München,Jerome Boateng,13,3,4,827,0,4,1,6,0,0,86.65,760,56,670,587,83,88,9,1,0,0,0,1,3.10
FC Bayern München,Sven Ulreich,5,0,0,450,0,0,0,0,0,0,23.25,173,0,129,113,16,88,0,0,0,0,0,0,3.10
FC Bayern München,Juan Bernat,18,5,2,1238,2,11,2,15,0,0,149.37,1180,50,792,712,80,90,19,19,2,0,0,1,3.19
FC Bayern München,Rafinha,20,10,2,1029,1,6,2,14,0,0,120.69,1209,66,923,828,95,90,10,21,0,0,0,2,3.25
FC Bayern München,David Alaba,32,3,5,2506,4,32,4,34,0,0,285.14,2326,50,1761,1561,200,89,16,11,7,0,0,1,3.27
FC Bayern München,Kingsley Coman,19,9,7,917,2,22,1,20,0,0,110.84,629,50,407,343,64,84,11,18,3,0,0,1,3.29
FC Bayern München,Arturo Vidal,27,6,9,1821,4,39,3,25,0,0,222.32,2213,57,1889,1659,230,88,51,22,2,0,0,8,3.40
FC Bayern München,Thomas Müller,29,4,5,2263,5,65,14,61,0,0,291.51,1429,39,1059,805,254,76,19,22,17,0,0,0,3.44
FC Bayern München,Douglas Costa,23,9,7,1375,4,43,6,35,0,0,155.44,1063,48,693,556,137,80,19,15,6,0,0,2,3.47
FC Bayern München,Joshua Kimmich,27,12,6,1547,6,31,1,30,0,0,210.84,1678,60,1390,1249,141,90,17,38,3,0,0,1,3.53
FC Bayern München,Xabi Alonso,27,5,8,1903,3,26,2,40,0,0,245.28,2326,56,2030,1815,215,89,28,28,0,0,0,6,3.55
FC Bayern München,Renato Sanches,17,11,5,621,0,12,0,4,0,0,75.06,595,46,474,417,57,88,17,13,1,0,0,3,4.19
RB Leipzig,Emil Forsberg,30,3,13,2337,8,49,22,94,1,1,284.23,1505,47,848,645,203,76,26,51,6,1,0,1,2.70
RB Leipzig,Timo Werner,31,3,19,2416,21,74,8,32,2,0,301.56,1180,41,709,479,230,68,24,32,51,0,0,4,2.77
RB Leipzig,Naby Keita,31,2,9,2409,8,43,8,40,0,0,281.23,2053,48,1424,1164,260,82,70,52,1,0,0,8,2.78
RB Leipzig,Peter Gulacsi,33,0,0,2970,0,0,0,1,0,0,183.21,1246,77,1017,639,378,63,1,3,0,0,0,1,2.89
RB Leipzig,Willi Orban,28,0,0,2517,3,25,1,3,0,0,274.68,1824,66,1407,1146,261,81,32,32,2,0,1,7,2.98
RB Leipzig,Rani Khedira,10,9,1,163,0,2,0,1,0,0,24.07,143,59,99,80,19,81,4,2,0,0,0,0,3.00
RB Leipzig,Lukas Klostermann,1,0,0,90,0,1,0,0,0,0,10.12,46,27,24,14,10,58,2,0,0,0,0,1,3.00
RB Leipzig,Diego Demme,32,0,2,2870,1,14,3,30,0,0,382.59,2774,45,2195,1737,458,79,79,74,1,0,0,4,3.06
RB Leipzig,Marcel Sabitzer,32,1,9,2593,8,79,5,36,0,0,326.68,1581,45,1101,750,351,68,24,39,14,0,0,3,3.10
RB Leipzig,Yussuf Poulsen,29,4,18,2054,5,48,4,26,0,0,255.07,1083,45,640,421,219,66,61,49,17,0,0,4,3.12
RB Leipzig,Marvin Compper,25,0,4,2098,2,8,0,1,0,0,227.87,1490,60,1186,944,242,80,22,14,0,0,0,6,3.19
RB Leipzig,Stefan Ilsanker,33,4,1,2648,0,9,1,11,0,0,314.31,2077,57,1584,1239,345,78,48,26,4,0,0,8,3.32
RB Leipzig,Marcel Halstenberg,30,0,2,2657,0,28,3,28,0,0,310.92,1861,61,1104,797,307,72,36,26,2,0,0,4,3.35
RB Leipzig,Dominik Kaiser,25,18,3,961,1,15,0,22,0,0,125.52,553,48,361,255,106,71,13,22,2,0,0,2,3.41
RB Leipzig,Bernardo,22,1,3,1892,0,14,1,14,0,0,224.50,1370,59,831,618,213,74,28,16,1,0,0,3,3.43
RB Leipzig,Benno Schmitz,16,5,4,990,0,10,2,8,0,0,119.90,797,63,470,318,152,68,14,10,2,0,0,2,3.59
RB Leipzig,Dayot Upamecano,12,4,2,667,0,1,0,1,0,0,76.08,571,54,421,331,90,79,15,3,0,0,0,3,3.63
RB Leipzig,Oliver Burke,25,20,5,632,1,9,2,7,0,0,83.88,323,34,203,147,56,72,11,6,6,0,0,1,3.83
RB Leipzig,Fabio Coltorti,1,0,0,90,0,0,0,0,0,0,5.45,41,100,34,25,9,74,0,0,0,0,0,0,4.00
RB Leipzig,Davie Selke,21,19,2,453,4,13,1,6,0,0,60.85,237,45,147,91,56,62,19,10,12,0,0,4,4.08
RB Leipzig,Federico Palacios Martinez,2,2,0,56,0,2,0,1,0,0,8.34,36,42,16,7,9,44,1,1,1,0,0,0,4.50
TSG Hoffenheim,Oliver Baumann,34,0,0,3060,0,0,0,1,0,0,199.89,1694,94,1286,960,326,75,1,8,0,0,0,1,2.84
TSG Hoffenheim,Sebastian Rudy,32,0,3,2786,2,27,9,64,0,0,340.11,2255,50,1619,1305,314,81,51,47,0,0,0,9,2.86
TSG Hoffenheim,Kerem Demirbay,28,1,14,2169,6,51,9,60,0,0,285.01,1630,41,1026,810,216,79,53,35,2,0,0,4,2.91
TSG Hoffenheim,Benjamin Hübner,25,0,6,2143,2,18,4,8,0,0,241.23,1880,61,1504,1319,185,88,56,33,2,0,0,10,2.98
TSG Hoffenheim,Baris Atik,3,3,0,70,0,1,0,0,0,0,9.20,63,53,46,36,10,78,1,3,0,0,0,0,3.00
TSG Hoffenheim,Eduardo Vargas,5,5,0,101,0,3,0,3,0,0,13.45,60,35,44,35,9,80,3,1,0,0,0,1,3.00
TSG Hoffenheim,Niklas Süle,33,0,2,2885,2,26,2,8,0,0,328.08,2707,70,2341,2098,243,90,18,22,0,0,0,4,3.02
TSG Hoffenheim,Andrej Kramaric,34,6,15,2364,15,99,8,37,5,0,307.34,1280,39,834,693,141,83,14,35,17,0,0,1,3.03
TSG Hoffenheim,Adam Szalai,22,15,5,782,8,18,1,16,0,0,101.95,406,41,259,178,81,69,19,7,8,0,0,2,3.06
TSG Hoffenheim,Mark Uth,22,10,8,1153,7,39,3,21,0,0,135.62,624,46,381,284,97,75,26,26,10,0,0,4,3.07
TSG Hoffenheim,Pavel Kaderabek,23,1,2,1974,0,8,3,30,0,0,241.89,1353,48,774,577,197,75,35,26,4,0,0,2,3.09
TSG Hoffenheim,Kevin Vogt,31,1,3,2595,0,3,0,9,0,0,294.52,2456,60,2190,2011,179,92,23,28,0,0,0,6,3.10
TSG Hoffenheim,Nadiem Amiri,33,13,14,1937,2,48,4,33,0,0,251.86,1270,40,846,707,139,84,44,47,5,0,0,2,3.15
TSG Hoffenheim,Sandro Wagner,31,1,5,2596,11,66,5,18,0,0,304.44,1241,48,795,502,293,63,80,84,31,1,0,3,3.17
TSG Hoffenheim,Lukas Rupp,14,6,4,792,2,16,0,12,0,0,108.75,525,44,327,253,74,77,19,19,0,0,0,2,3.28
TSG Hoffenheim,Ermin Bicakcic,18,7,3,1055,1,9,1,6,0,0,126.70,906,63,724,647,77,89,12,15,0,0,0,4,3.31
TSG Hoffenheim,Steven Zuber,24,1,2,2026,4,36,4,18,0,0,249.11,1610,52,1041,847,194,81,27,37,1,0,0,2,3.33
TSG Hoffenheim,Pirmin Schwegler,10,8,0,396,0,4,1,4,0,0,51.23,332,50,268,219,49,82,12,6,0,0,0,1,3.40
TSG Hoffenheim,Marco Terrazzino,9,5,4,364,1,6,3,9,0,0,48.38,202,46,131,106,25,81,5,7,2,0,0,0,3.42
TSG Hoffenheim,Eugen Polanski,14,7,4,634,0,5,0,4,0,0,83.86,579,61,496,441,55,89,8,13,0,0,0,1,3.50
TSG Hoffenheim,Jeremy Toljan,20,6,3,1318,1,13,1,15,0,0,153.05,870,43,507,392,115,77,4,14,1,0,0,1,3.50
TSG Hoffenheim,Fabian Schär,6,3,2,284,0,2,0,0,0,0,31.62,232,49,182,154,28,85,7,5,0,0,0,2,4.20
TSG Hoffenheim,Philipp Ochs,3,1,1,145,0,0,0,1,0,0,16.93,99,31,66,51,15,77,5,0,0,0,0,1,4.50
Borussia Dortmund,Roman Bürki,27,0,0,2430,0,0,0,0,0,0,140.85,1154,88,904,673,231,74,1,7,0,0,0,2,2.72
Borussia Dortmund,Ousmane Dembelé,32,10,14,2036,6,55,13,64,0,0,240.56,1409,52,761,510,251,67,27,62,5,0,0,7,2.76
Borussia Dortmund,Marco Reus,17,1,10,1179,7,43,5,25,2,0,130.98,677,47,417,315,102,76,26,28,15,0,1,1,2.88
Borussia Dortmund,Nuri Sahin,5,1,3,230,0,1,0,2,0,0,27.52,232,43,200,176,24,88,3,3,0,0,0,1,3.00
Borussia Dortmund,Sokratis,26,0,3,2297,2,20,0,6,0,0,246.33,2279,68,1926,1691,235,88,43,57,1,0,0,7,3.06
Borussia Dortmund,Pierre-Emerick Aubameyang,32,1,5,2779,31,116,2,27,2,2,287.38,901,40,518,361,157,70,23,21,30,0,0,3,3.08
Borussia Dortmund,Raphael Guerreiro,24,7,9,1481,6,33,6,27,0,0,189.79,1385,48,967,774,193,80,16,12,3,0,0,0,3.21
Borussia Dortmund,Marcel Schmelzer,26,1,6,2188,0,27,1,21,0,0,251.77,2079,54,1476,1219,257,83,34,51,4,0,0,3,3.21
Borussia Dortmund,Shinji Kagawa,21,8,5,1261,1,20,6,35,0,0,156.12,887,51,681,581,100,85,16,26,3,0,0,3,3.21
Borussia Dortmund,Sven Bender,6,3,1,272,0,2,0,1,0,0,33.42,296,55,257,239,18,93,3,2,0,0,0,0,3.25
Borussia Dortmund,Lukasz Piszczek,25,2,1,2038,5,20,3,18,0,0,249.04,1753,54,1254,1011,243,81,17,13,0,0,0,1,3.25
Borussia Dortmund,Gonzalo Castro,28,5,10,1921,3,30,6,42,0,0,245.48,1710,48,1397,1174,223,84,21,23,0,0,0,5,3.29
Borussia Dortmund,Mario Götze,11,2,5,760,1,6,1,14,0,0,98.28,516,39,390,321,69,82,17,17,2,0,0,1,3.30
Borussia Dortmund,Julian Weigl,30,3,5,2414,0,7,0,8,0,0,307.70,2403,62,2026,1815,211,90,34,62,0,0,0,2,3.34
Borussia Dortmund,Adrian Ramos,7,3,1,357,2,12,1,5,0,0,38.98,136,38,80,53,27,66,11,8,1,0,0,2,3.38
Borussia Dortmund,André Schürrle,15,7,3,748,2,36,4,17,1,0,89.12,427,50,247,179,68,72,9,18,9,0,0,3,3.38
Borussia Dortmund,Christian Pulisic,29,14,5,1525,3,32,8,26,0,0,189.23,917,47,527,386,141,73,22,33,3,0,0,1,3.45
Borussia Dortmund,Roman Weidenfeller,7,0,0,630,0,0,0,0,0,0,35.68,224,25,169,128,41,76,0,1,0,0,0,0,3.50
Borussia Dortmund,Marc Bartra,19,1,2,1560,0,20,4,10,0,0,183.29,1720,55,1412,1161,251,82,33,19,1,0,0,5,3.53
Borussia Dortmund,Matthias Ginter,29,3,1,2476,0,20,0,7,0,0,280.00,2456,64,2148,1872,276,87,21,29,2,0,0,4,3.55
Borussia Dortmund,Erik Durm,13,3,2,976,0,10,2,16,0,0,122.13,694,53,455,332,123,73,9,14,2,0,0,1,3.63
Borussia Dortmund,Emre Mor,12,7,4,477,1,10,3,9,0,0,55.50,301,50,136,102,34,75,9,18,0,1,0,0,3.93
Borussia Dortmund,Felix Passlack,10,4,3,534,0,3,0,4,0,0,65.38,514,46,376,337,39,90,6,7,0,0,0,1,4.00
Borussia Dortmund,Mikel Merino,8,6,0,298,0,5,0,3,0,0,39.58,437,56,350,293,57,84,5,7,0,0,0,1,4.17
Borussia Dortmund,Sebastian Rode,14,9,3,581,1,5,0,8,0,0,75.50,545,41,445,396,49,89,9,8,0,0,0,0,4.44
Borussia Dortmund,Dzenis Burnic,1,0,0,90,0,0,0,1,0,0,10.34,92,60,76,61,15,80,1,0,0,0,0,1,5.00
Borussia Dortmund,Joo-Ho Park,2,1,1,65,0,0,0,2,0,0,9.02,58,75,30,28,2,93,1,3,0,0,0,0,5.00
1. FC Köln,Timo Horn,20,0,0,1800,0,0,0,1,0,0,99.94,738,85,588,336,252,57,1,3,0,0,0,0,2.58
1. FC Köln,Lukas Klünter,8,0,0,720,1,2,1,4,0,0,85.99,417,57,157,94,63,60,8,14,1,0,0,4,2.88
1. FC Köln,Anthony Modeste,34,0,7,2971,25,101,4,20,3,1,304.00,1169,47,688,437,251,64,47,65,58,0,0,3,2.96
1. FC Köln,Sven Müller,1,0,0,90,0,0,0,0,0,0,4.95,35,0,27,11,16,41,0,0,0,0,0,0,3.00
1. FC Köln,Marcel Risse,13,0,2,1102,2,22,4,21,0,0,128.37,661,49,417,259,158,62,6,8,0,0,0,1,3.00
1. FC Köln,Leonardo Bittencourt,16,4,11,968,3,22,6,15,0,0,120.59,551,54,320,208,112,65,16,27,2,0,0,3,3.04
1. FC Köln,Yuya Osako,30,3,11,2367,7,43,8,33,0,0,279.10,1198,42,749,525,224,70,47,53,6,0,0,4,3.12
1. FC Köln,Mergim Mavraj,30,0,0,2700,0,14,0,0,0,0,280.66,1533,62,1095,870,225,79,37,21,0,0,0,5,3.53
1. FC Köln,Jonas Hector,33,0,0,2970,1,15,2,37,0,0,376.42,2067,61,1428,1159,269,81,27,69,3,0,0,6,3.14
1. FC Köln,Matthias Lehmann,21,0,3,1820,0,10,2,11,0,0,222.29,1004,50,829,692,137,83,25,12,0,0,0,7,3.17
1. FC Köln,Thomas Kessler,13,0,0,1170,0,0,0,1,0,0,66.35,472,100,336,180,156,54,0,2,0,0,0,1,3.19
1. FC Köln,Marco Höger,30,6,11,2058,0,8,1,17,0,0,250.81,1581,54,1187,965,222,81,33,38,2,0,0,7,3.22
1. FC Köln,Dominique Heintz,32,2,3,2754,0,8,1,12,0,0,313.15,1826,57,1366,1115,251,82,39,23,1,0,0,7,3.27
1. FC Köln,Artjoms Rudnevs,18,12,6,692,3,21,3,16,0,0,88.55,286,36,163,98,65,60,25,12,11,0,0,3,3.40
1. FC Köln,Milos Jojic,19,6,9,1085,4,18,3,21,0,0,150.25,627,31,358,263,95,73,37,12,0,0,0,2,3.42
1. FC Köln,Frederik Sörensen,31,1,1,2679,0,19,3,17,0,0,301.90,1851,60,1187,854,333,72,59,23,0,0,0,5,3.45
1. FC Köln,Neven Subotic,12,3,0,890,0,2,0,0,0,0,97.02,534,68,379,276,103,73,4,6,1,0,0,1,3.50
1. FC Köln,Pawel Olkowski,14,2,0,1107,0,2,2,9,0,0,126.63,697,57,320,193,127,60,18,18,0,0,0,2,3.54
1. FC Köln,Konstantin Rausch,28,5,9,1932,0,25,3,30,0,0,228.94,1265,52,716,540,176,75,12,32,6,0,0,4,3.72
1. FC Köln,Dominic Maroh,12,4,3,645,0,3,0,0,0,0,70.73,433,62,332,283,49,85,7,7,0,0,0,3,3.78
1. FC Köln,Salih Özcan,13,10,1,371,0,4,1,3,0,0,48.44,251,39,173,138,35,80,12,9,1,0,1,0,4.00
1. FC Köln,Simon Zoller,26,18,5,1034,2,13,2,10,0,0,131.63,474,43,307,215,92,70,14,10,5,0,0,3,4.04
1. FC Köln,Christian Clemens,15,3,7,993,1,15,1,8,0,0,121.32,480,49,266,191,75,72,17,10,1,0,0,2,4.19
1. FC Köln,Marcel Hartel,2,2,0,93,0,4,0,0,0,0,12.42,76,70,53,44,9,83,0,3,0,0,0,0,4.50
Hertha BSC,Rune Jarstein,34,0,0,3060,0,0,0,0,0,0,153.71,1615,94,1320,772,548,58,0,4,0,0,0,1,2.75
Hertha BSC,Mitchell Weiser,17,5,4,1126,2,12,4,27,0,0,140.40,818,51,448,314,134,70,20,40,4,0,0,2,3.08
Hertha BSC,Sebastian Langkamp,27,1,2,2310,0,7,0,3,0,0,248.73,1864,66,1545,1333,212,86,27,38,0,0,0,5,3.21
Hertha BSC,Jens Hegeler,6,4,0,210,0,1,0,1,0,0,24.78,206,53,165,139,26,84,2,2,0,0,0,0,3.25
Hertha BSC,Niklas Stark,27,0,5,2349,1,21,1,4,0,0,282.01,1566,59,1213,1030,183,85,40,35,1,0,0,6,3.28
Hertha BSC,John Anthony Brooks,24,0,1,2115,2,13,1,1,0,0,218.95,1681,61,1366,1176,190,86,23,24,1,0,0,5,3.31
Hertha BSC,Marvin Plattenhardt,27,0,0,2430,3,24,4,38,0,0,263.31,1689,56,1021,769,252,75,34,24,0,0,0,3,3.35
Hertha BSC,Per Ciljan Skjelbred,26,1,8,2136,0,5,0,6,0,0,279.03,1493,59,1233,1045,188,85,39,25,0,0,0,2,3.38
Hertha BSC,Vedad Ibisevic,32,0,14,2708,12,72,6,19,3,0,305.64,1109,43,668,419,249,63,57,63,16,0,1,7,3.52
Hertha BSC,Fabian Lustenberger,19,2,1,1500,0,2,1,8,0,0,177.78,1111,58,913,748,165,82,26,25,0,0,0,1,3.59
Hertha BSC,Peter Pekarik,31,1,3,2710,1,12,1,20,0,0,336.95,1921,57,1262,953,309,76,23,24,2,0,0,3,3.66
Hertha BSC,Vladimir Darida,25,4,7,1978,2,30,2,30,0,0,281.16,1694,40,1339,1084,255,81,33,34,3,0,0,6,3.73
Hertha BSC,Valentin Stocker,17,3,10,1156,4,24,3,15,0,0,147.15,563,35,351,225,126,64,33,21,4,1,0,1,3.82
Hertha BSC,Genki Haraguchi,31,8,10,2049,1,27,2,21,0,0,247.33,1010,48,620,462,158,75,34,38,2,0,0,4,3.83
Hertha BSC,Salomon Kalou,26,1,17,1982,7,38,5,25,1,0,229.37,928,36,591,434,157,73,23,26,11,0,0,1,3.85
Hertha BSC,Jordan Torunarigha,8,3,0,484,1,2,0,2,0,0,51.35,321,64,228,173,55,76,6,8,0,0,0,1,3.90
Hertha BSC,Alexander Esswein,29,14,14,1322,2,27,3,19,0,0,158.56,680,43,398,288,110,72,22,25,2,0,0,4,4.06
Hertha BSC,Allan,15,7,1,798,0,7,0,2,0,0,102.00,552,56,414,324,90,78,15,11,0,0,0,3,4.17
Hertha BSC,Sami Allagui,12,12,0,181,1,5,1,3,1,0,23.34,81,28,36,25,11,69,5,2,3,0,0,2,4.25
Hertha BSC,Maximilian Mittelstädt,12,7,1,465,0,4,1,4,0,0,56.40,346,53,189,123,66,65,12,5,1,0,1,3,4.30
Hertha BSC,Julian Schieber,18,16,0,438,3,15,1,4,0,0,55.93,256,41,163,92,71,56,9,6,4,0,0,3,4.38
Hertha BSC,Ondrej Duda,3,3,0,70,0,0,0,1,0,0,10.43,71,54,58,43,15,74,2,1,0,0,0,0,5.00
SC Freiburg,Alexander Schwolow,34,0,0,3060,0,0,0,3,0,0,224.21,1684,72,1370,768,602,56,0,2,0,0,0,1,2.82
SC Freiburg,Vincenzo Grifo,30,3,5,2492,6,83,12,71,1,0,313.22,1718,42,1101,801,300,73,12,37,11,0,0,1,3.16
SC Freiburg,Maximilian Philipp,25,2,9,1929,9,53,3,26,0,1,220.78,924,41,525,366,159,70,42,47,4,0,0,5,3.22
SC Freiburg,Mike Frantz,30,1,8,2495,0,24,2,26,0,0,306.39,1348,58,964,717,247,74,34,58,2,0,0,2,3.34
SC Freiburg,Florian Niederlechner,34,5,19,2410,11,79,2,19,3,0,313.23,1058,39,547,373,174,68,52,52,20,0,0,4,3.40
SC Freiburg,Nils Petersen,33,26,4,1251,10,52,5,17,2,1,170.03,611,41,368,211,157,57,12,11,9,0,0,0,3.47
SC Freiburg,Nicolas Höfler,28,2,3,2366,1,7,1,9,0,0,290.75,1728,52,1368,1142,226,83,41,31,0,0,0,7,3.54
SC Freiburg,Caglar Söyüncü,24,0,2,2070,0,10,1,5,0,0,237.29,1466,66,1118,856,262,77,35,16,3,0,0,4,3.56
SC Freiburg,Pascal Stenzel,19,5,2,1306,1,13,2,9,0,0,161.50,920,53,602,462,140,77,20,7,0,0,0,3,3.57
SC Freiburg,Janik Haberer,32,10,13,1952,3,30,4,36,0,0,262.45,1207,43,803,560,243,70,34,56,3,0,0,7,3.65
SC Freiburg,Manuel Gulde,20,1,3,1684,0,2,0,1,0,0,203.04,1076,62,871,739,132,85,14,8,0,0,0,2,3.65
SC Freiburg,Julian Schuster,13,4,3,846,0,3,0,8,0,0,105.98,589,52,473,365,108,77,12,11,0,0,0,3,3.65
SC Freiburg,Christian Günter,31,1,0,2695,0,15,2,33,0,0,318.15,1712,46,978,704,274,72,20,24,2,1,0,4,3.68
SC Freiburg,Amir Abrashi,20,4,6,1320,1,9,0,8,0,0,170.43,865,52,640,491,149,77,35,28,0,0,0,3,3.72
SC Freiburg,Marc Torrejon,12,2,1,932,0,6,0,2,0,0,100.21,636,67,534,440,94,82,5,5,0,0,0,1,3.82
SC Freiburg,Lukas Kübler,16,2,7,1153,0,5,1,7,0,0,142.20,835,63,473,345,128,73,14,16,1,0,0,1,3.83
SC Freiburg,Marc-Oliver Kempf,13,1,0,1147,0,3,0,4,0,0,130.25,789,57,637,499,138,78,15,16,1,0,0,2,3.92
SC Freiburg,Aleksandar Ignjovski,19,7,4,1053,0,3,0,3,0,0,122.93,680,48,388,286,102,74,20,14,1,0,0,2,3.96
SC Freiburg,Jonas Meffert,1,0,1,57,0,0,0,1,0,0,7.39,35,60,29,23,6,79,1,0,0,0,0,0,4.00
SC Freiburg,Onur Bulut,21,9,7,1002,0,9,1,12,0,0,136.35,541,45,312,197,115,63,14,22,1,0,0,3,4.09
SC Freiburg,Karim Guedé,5,2,3,184,0,3,1,1,0,0,25.90,85,47,51,19,32,37,11,6,0,0,0,0,4.33
SC Freiburg,Jonas Föhrenbach,3,2,1,102,0,0,0,0,0,0,12.81,80,67,58,42,16,72,2,1,0,0,0,0,4.50
SC Freiburg,Georg Niedermeier,6,6,0,95,0,1,0,1,0,0,11.68,56,29,41,33,8,80,2,0,0,0,0,0,5.00
Werder Bremen,Max Kruse,23,0,4,2043,15,41,7,50,4,0,231.43,1326,41,950,723,227,76,19,25,10,0,0,1,2.76
Werder Bremen,Felix Wiedwald,25,1,0,2209,0,0,0,0,0,0,124.18,1017,85,701,365,336,52,0,5,0,0,0,2,2.80
Werder Bremen,Florian Kainz,14,13,1,311,2,2,3,4,0,0,43.03,235,53,143,114,29,80,6,9,2,0,0,0,3.00
Werder Bremen,Thomas Delaney,13,2,5,916,4,14,1,6,0,0,120.71,652,53,497,347,150,70,27,16,0,0,0,3,3.08
Werder Bremen,Fin Bartels,31,8,9,2219,8,42,9,41,0,0,282.31,1207,42,736,551,185,75,31,45,7,0,0,4,3.18
Werder Bremen,Serge Gnabry,27,4,11,1963,11,62,3,31,1,0,231.55,1030,44,600,461,139,77,26,28,9,0,0,1,3.28
Werder Bremen,Zlatko Junuzovic,30,2,4,2494,4,44,10,50,0,0,332.86,1591,44,1079,804,275,75,46,59,5,0,0,5,3.29
Werder Bremen,Philipp Bargfrede,11,7,1,455,1,2,1,3,0,0,57.71,296,48,220,170,50,77,10,9,0,0,0,3,3.33
Werder Bremen,Niklas Moisander,30,1,0,2655,0,9,1,8,0,0,297.23,1628,58,1231,1009,222,82,35,22,0,0,0,5,3.43
Werder Bremen,Jaroslav Drobny,10,0,0,848,0,0,0,0,0,0,46.09,353,57,250,136,114,54,2,2,0,1,0,0,3.50
Werder Bremen,Maximilian Eggestein,15,7,3,892,1,2,0,9,0,0,120.91,596,55,454,344,110,76,7,12,1,0,0,2,3.50
Werder Bremen,Izet Hajrovic,10,4,7,489,1,12,0,11,0,0,56.87,244,33,131,88,43,67,12,6,1,0,0,1,3.58
Werder Bremen,Milos Veljkovic,26,6,4,1813,0,3,0,5,0,0,214.59,1119,49,899,690,209,77,23,10,1,0,0,5,3.62
Werder Bremen,Florian Grillitsch,23,2,12,1711,2,18,0,6,0,0,218.29,1207,50,890,709,181,80,32,30,1,0,0,4,3.75
Werder Bremen,Clemens Fritz,18,1,9,1291,0,6,3,10,0,0,156.23,805,60,545,388,157,71,29,45,0,0,0,5,3.79
Werder Bremen,Robert Bauer,27,2,5,2122,1,13,3,15,0,0,246.28,1413,54,763,545,218,71,36,36,0,0,0,5,3.80
Werder Bremen,Lamine Sané,27,0,3,2360,1,6,1,2,0,0,248.36,1392,62,1018,862,156,85,27,19,4,0,0,3,3.81
Werder Bremen,Ousman Manneh,6,0,2,486,1,19,2,2,0,0,58.21,179,35,78,46,32,59,17,16,6,0,0,2,3.83
Werder Bremen,Theodor Gebre Selassie,30,4,2,2342,5,27,2,18,0,0,283.30,1454,57,800,600,200,75,29,42,2,0,0,4,3.89
Werder Bremen,Claudio Pizarro,19,9,8,854,1,21,2,12,0,0,102.25,461,36,285,187,98,66,18,17,8,0,0,1,3.90
Werder Bremen,Luca Caldirola,5,0,1,412,0,2,0,0,0,0,47.04,190,65,128,90,38,70,2,9,0,0,0,1,4.00
Werder Bremen,Santiago Garcia,19,3,4,1444,1,12,2,7,0,0,176.77,1039,59,604,444,160,74,19,39,0,0,0,5,4.00
Werder Bremen,Thanos Petsos,3,1,1,144,0,1,0,0,0,0,18.32,141,68,123,99,24,80,4,2,0,0,0,2,4.00
Werder Bremen,Aron Johannsson,9,7,2,269,1,11,2,4,1,0,36.27,123,30,69,50,19,72,6,1,0,1,0,1,4.17
Werder Bremen,Lennart Thy,6,6,0,90,1,5,0,1,0,0,13.47,46,40,28,18,10,64,0,2,0,0,0,0,4.50
Werder Bremen,Janek Sternberg,2,2,0,73,0,1,0,0,0,0,8.43,35,50,20,17,3,85,2,1,0,0,0,1,5.00
Werder Bremen,Ulisses Garcia,7,4,0,353,0,2,1,3,0,0,39.72,246,47,157,124,33,79,7,7,0,0,0,1,5.25
Werder Bremen,Sambou Yatabaré,2,0,1,175,0,2,0,0,0,0,21.07,91,41,44,29,15,66,7,1,1,0,0,0,5.25
Werder Bremen,Fallou Diagne,2,0,1,135,0,0,0,2,0,0,14.47,73,71,58,44,14,76,0,1,0,0,0,0,6.00
Borussia Mönchengladbach,Yann Sommer,34,0,0,3060,0,0,0,0,0,0,186.46,1521,75,1189,883,306,74,1,3,0,0,0,1,3.03
Borussia Mönchengladbach,Ibrahima Traoré,14,5,6,839,1,9,2,25,0,0,101.46,638,59,414,327,87,79,6,18,5,0,0,0,3.13
Borussia Mönchengladbach,Lars Stindl,30,1,9,2589,11,68,7,38,0,1,329.26,1831,43,1386,1109,277,80,55,53,4,0,0,8,3.22
Borussia Mönchengladbach,Raffael,20,2,9,1497,7,46,0,44,1,0,168.33,986,46,618,472,146,76,8,36,3,0,0,1,3.25
Borussia Mönchengladbach,Nico Schulz,12,8,0,417,1,4,2,3,0,0,53.46,311,44,194,165,29,85,4,6,0,0,0,1,3.25
Borussia Mönchengladbach,Christoph Kramer,24,1,3,1961,0,2,5,11,0,0,260.04,1880,52,1545,1311,234,85,40,29,1,0,1,5,3.33
Borussia Mönchengladbach,Laszlo Benes,8,5,3,288,1,3,0,6,0,0,38.13,284,65,236,201,35,85,5,7,0,0,0,0,3.33
Borussia Mönchengladbach,Andreas Christensen,31,0,1,2781,2,13,0,6,0,0,301.16,2307,68,1947,1782,165,92,20,23,0,0,0,1,3.35
Borussia Mönchengladbach,Jannik Vestergaard,34,5,1,2660,4,35,1,6,0,0,286.98,2378,67,1951,1657,294,85,23,22,0,0,0,1,3.40
Borussia Mönchengladbach,Tony Jantschke,22,5,3,1488,0,2,0,3,0,0,182.53,1331,64,929,699,230,75,19,33,0,0,0,3,3.42
Borussia Mönchengladbach,Mahmoud Dahoud,28,2,9,2274,2,44,6,28,0,0,314.31,1973,49,1561,1270,291,81,44,34,4,0,0,3,3.48
Borussia Mönchengladbach,Oscar Wendt,28,0,4,2459,2,26,4,26,0,0,286.63,1699,44,1068,854,214,80,30,15,3,0,0,3,3.52
Borussia Mönchengladbach,Thorgan Hazard,23,5,8,1628,6,42,4,32,0,1,207.35,1141,38,739,550,189,74,29,29,11,0,0,3,3.53
Borussia Mönchengladbach,Patrick Herrmann,18,9,9,696,1,9,1,13,0,0,92.44,333,47,193,127,66,66,7,14,7,0,0,1,3.61
Borussia Mönchengladbach,Nico Elvedi,25,2,6,2106,0,6,0,10,0,0,228.51,1881,61,1380,1167,213,85,19,26,0,0,0,4,3.64
Borussia Mönchengladbach,Fabian Johnson,21,9,6,1252,3,23,2,19,0,0,155.04,601,59,402,293,109,73,10,22,11,0,0,1,3.64
Borussia Mönchengladbach,Julian Korb,12,5,0,758,0,2,0,8,0,0,88.84,666,61,458,352,106,77,8,8,0,0,0,0,3.78
Borussia Mönchengladbach,Jonas Hofmann,21,5,8,1380,0,25,1,17,0,0,191.06,749,46,488,376,112,77,10,17,14,0,0,0,3.88
Borussia Mönchengladbach,Tobias Strobl,23,5,4,1564,0,10,2,9,0,0,200.95,1176,51,966,832,134,86,33,13,1,0,1,6,3.92
Borussia Mönchengladbach,André Hahn,30,12,9,1602,3,34,1,13,0,1,211.07,743,46,410,241,169,59,44,37,24,0,0,3,3.97
Borussia Mönchengladbach,Josip Drmic,12,10,1,282,0,10,2,3,0,0,38.18,153,35,97,62,35,64,6,1,0,0,0,0,4.50
FC Schalke 04,Ralf Fährmann,34,0,0,3060,0,0,0,1,0,0,211.81,1503,91,1084,683,401,63,1,12,0,0,0,3,2.85
FC Schalke 04,Sead Kolasinac,25,1,6,2065,3,17,5,23,0,0,259.13,1637,54,958,687,271,72,39,22,5,0,0,5,3.08
FC Schalke 04,Leon Goretzka,30,0,6,2563,5,51,5,34,0,0,325.72,1778,45,1213,946,267,78,40,54,0,0,0,2,3.23
FC Schalke 04,Guido Burgstaller,18,1,12,1461,9,45,2,18,0,1,178.71,562,31,312,221,91,71,33,24,23,0,0,1,3.36
FC Schalke 04,Naldo,19,0,0,1623,1,28,1,3,0,0,155.19,1089,63,813,692,121,85,21,11,0,1,0,1,3.36
FC Schalke 04,Breel Embolo,7,3,3,341,2,8,1,5,0,0,38.00,150,46,66,47,19,71,8,8,7,0,0,0,3.40
FC Schalke 04,Benedikt Höwedes,31,0,0,2790,1,19,1,7,0,0,316.47,2127,62,1667,1438,229,86,31,36,2,0,0,7,3.44
FC Schalke 04,Matija Nastasic,22,1,0,1922,0,3,0,3,0,0,209.66,1397,56,1148,973,175,85,37,10,1,0,0,6,3.50
FC Schalke 04,Nabil Bentaleb,32,4,9,2548,5,42,4,31,1,0,305.94,1971,53,1560,1269,291,81,34,29,0,0,0,12,3.52
FC Schalke 04,Eric Maxim Choupo-Moting,23,4,7,1686,3,49,7,32,1,1,199.04,959,42,588,431,157,73,25,28,22,0,0,1,3.58
FC Schalke 04,Alessandro Schöpf,28,6,5,2040,6,28,3,27,0,0,292.69,1633,42,914,708,206,77,54,42,5,0,0,4,3.58
FC Schalke 04,Max Meyer,27,9,10,1666,1,31,3,31,0,0,222.62,1024,40,739,628,111,85,13,30,3,0,0,4,3.60
FC Schalke 04,Abdul Rahman Baba,13,6,0,712,0,6,2,9,0,0,84.14,584,50,323,235,88,73,17,7,2,0,0,2,3.63
FC Schalke 04,Thilo Kehrer,16,4,0,1079,1,13,2,7,0,0,126.27,870,55,567,464,103,82,26,20,1,1,0,3,3.67
FC Schalke 04,Johannes Geis,18,1,10,1324,0,15,0,46,0,0,162.06,1137,58,828,651,177,79,24,23,0,0,0,4,3.68
FC Schalke 04,Yevhen Konoplyanka,17,12,4,609,1,15,1,7,0,0,79.90,340,40,200,155,45,78,8,9,3,0,0,1,3.71
FC Schalke 04,Holger Badstuber,11,1,2,891,0,1,0,4,0,0,96.35,716,52,606,554,52,91,10,4,0,0,0,1,3.85
FC Schalke 04,Daniel Caligiuri,32,5,16,2209,4,39,4,30,0,0,274.56,1417,44,837,629,208,75,43,40,3,0,0,2,3.91
FC Schalke 04,Coke,8,1,2,627,1,8,0,10,0,0,80.86,454,46,270,204,66,76,10,18,0,0,0,1,3.93
FC Schalke 04,Franco di Santo,12,9,3,323,0,6,2,5,0,0,40.30,166,56,96,61,35,64,10,13,4,0,0,2,4.13
FC Schalke 04,Benjamin Stambouli,23,8,5,1296,0,4,0,4,0,0,154.79,962,57,751,626,125,83,12,8,0,1,0,3,4.17
FC Schalke 04,Klaas Jan Huntelaar,16,9,3,758,2,24,0,4,0,0,95.14,242,39,147,110,37,75,22,11,9,0,0,1,4.22
FC Schalke 04,Dennis Aogo,7,4,2,290,0,0,1,5,0,0,36.33,224,48,170,140,30,82,6,2,0,0,0,1,4.33
FC Schalke 04,Donis Avdijaj,9,7,2,298,2,12,0,4,0,0,40.10,176,34,108,77,31,71,4,1,2,0,0,1,4.50
FC Schalke 04,Fabian Reese,3,2,1,74,0,2,0,2,0,0,10.53,40,40,20,13,7,65,1,0,2,0,0,0,4.50
FC Schalke 04,Sascha Riether,5,2,0,286,0,1,0,2,0,0,34.20,277,63,212,177,35,83,1,1,0,0,0,0,4.83
FC Schalke 04,Junior Caicara,3,2,0,109,0,0,0,1,0,0,14.39,96,44,55,41,14,75,3,0,2,0,0,1,5.50
Eintracht Frankfurt,Lukas Hradecky,33,0,0,2882,0,0,0,1,0,0,185.63,1409,94,1072,680,392,63,1,4,0,1,0,2,2.91
Eintracht Frankfurt,Heinz Lindner,2,1,0,175,0,0,0,0,0,0,10.30,90,100,80,28,52,35,0,1,0,0,0,0,3.00
Eintracht Frankfurt,Jesus Vallejo,25,3,1,2057,1,6,1,4,0,0,238.74,1539,51,1254,1068,186,85,18,10,0,0,0,4,3.24
Eintracht Frankfurt,Marius Wolf,3,1,2,167,0,1,0,2,0,0,22.21,99,44,55,40,15,73,5,2,0,0,0,1,3.25
Eintracht Frankfurt,Ante Rebic,24,8,9,1405,2,44,3,31,0,0,166.43,814,33,410,215,195,52,56,29,2,0,0,10,3.31
Eintracht Frankfurt,Makoto Hasebe,22,1,1,1887,1,8,1,16,1,1,222.58,1363,59,1095,901,194,82,18,23,0,0,0,2,3.31
Eintracht Frankfurt,David Abraham,30,0,1,2583,1,17,2,12,0,0,291.56,1886,62,1504,1245,259,83,29,29,1,1,0,5,3.32
Eintracht Frankfurt,Bastian Oczipka,33,0,2,2950,1,11,5,37,0,0,336.45,2362,49,1477,1149,328,78,25,49,1,0,0,5,3.36
Eintracht Frankfurt,Omar Mascarell,28,1,1,2450,0,12,0,14,0,0,318.29,1857,53,1472,1188,284,81,47,16,0,0,0,13,3.41
Eintracht Frankfurt,Marco Fabian,24,1,4,2054,7,64,4,36,1,1,245.03,1227,41,735,578,157,79,50,63,3,0,0,10,3.41
Eintracht Frankfurt,Timothy Chandler,32,1,0,2816,0,18,4,36,0,0,317.90,1875,53,1087,795,292,73,42,29,5,1,0,6,3.44
Eintracht Frankfurt,Danny Blum,14,11,1,460,1,23,1,7,0,0,55.29,301,40,159,107,52,67,11,7,2,0,0,0,3.50
Eintracht Frankfurt,Szabolcs Huszti,15,1,9,1038,2,11,2,16,0,0,128.63,807,42,595,464,131,78,32,20,1,0,1,3,3.54
Eintracht Frankfurt,Alexander Meier,21,6,7,1393,5,43,2,11,0,2,157.98,469,49,324,211,113,65,11,8,14,0,0,1,3.71
Eintracht Frankfurt,Marc Stendera,2,0,2,129,0,0,0,0,0,0,16.82,65,52,23,14,9,61,2,3,0,0,0,0,3.75
Eintracht Frankfurt,Shani Tarashaj,13,12,1,333,1,6,0,2,0,0,42.61,189,27,127,89,38,70,6,4,0,0,0,1,3.75
Eintracht Frankfurt,Mijat Gacinovic,28,2,14,2221,2,29,0,15,0,0,285.19,1235,49,755,536,219,71,45,70,7,0,0,9,3.91
Eintracht Frankfurt,Andersson Ordonez,4,1,3,183,0,0,0,0,0,0,19.99,188,71,156,137,19,88,1,1,0,0,0,0,4.00
Eintracht Frankfurt,Aymen Barkok,18,12,4,659,2,8,2,9,0,0,91.73,377,45,235,165,70,70,27,5,0,0,0,1,4.00
Eintracht Frankfurt,Branimir Hrgota,28,6,18,1735,5,38,3,18,0,0,204.62,760,37,440,340,100,77,42,44,18,0,0,2,4.02
Eintracht Frankfurt,Taleb Tawatha,14,6,5,693,0,2,0,10,0,0,80.29,374,35,169,129,40,76,12,11,2,0,0,0,4.06
Eintracht Frankfurt,Guillermo Varela,7,1,4,428,0,0,0,2,0,0,52.02,240,52,142,110,32,77,4,6,0,0,0,1,4.10
Eintracht Frankfurt,Michael Hector,22,8,2,1360,1,7,0,0,0,0,152.33,1008,57,780,551,229,71,19,11,1,1,0,4,4.16
Eintracht Frankfurt,Marco Russ,4,1,2,242,0,4,0,1,0,0,24.81,117,56,87,70,17,80,3,4,0,0,0,1,4.17
Eintracht Frankfurt,Max Besuschkow,3,2,1,87,0,1,0,2,0,0,12.56,39,50,22,13,9,59,3,2,0,0,0,1,4.50
Eintracht Frankfurt,Haris Seferovic,25,14,6,1068,3,31,0,11,0,0,129.54,464,39,303,188,115,62,30,17,11,1,0,1,4.73
Bayer 04 Leverkusen,Bernd Leno,34,0,0,3060,0,0,0,1,0,0,183.42,1340,83,999,651,348,65,0,3,0,0,0,0,2.78
Bayer 04 Leverkusen,Leon Bailey,8,8,0,140,0,6,1,3,0,0,18.69,91,46,41,27,14,66,2,4,1,0,0,1,3.00
Bayer 04 Leverkusen,Jonathan Tah,19,3,0,1640,1,10,1,4,0,0,178.59,1230,63,992,822,170,83,16,14,0,0,0,1,3.13
Bayer 04 Leverkusen,Joel Pohjanpalo,11,10,1,191,6,18,0,4,0,0,25.01,83,59,49,31,18,63,4,0,0,0,0,0,3.17
Bayer 04 Leverkusen,Hakan Calhanoglu,15,1,3,1215,6,47,5,29,1,1,152.05,1090,46,772,599,173,78,18,20,3,0,0,1,3.23
Bayer 04 Leverkusen,Stefan Kießling,20,14,2,756,4,23,1,8,1,0,91.14,403,45,243,158,85,65,15,21,2,0,0,0,3.33
Bayer 04 Leverkusen,Julian Brandt,32,7,13,2299,3,47,11,51,0,0,284.96,1684,39,1084,842,242,78,14,25,3,0,0,0,3.35
Bayer 04 Leverkusen,Kai Havertz,24,9,6,1453,4,30,6,21,0,0,186.90,1095,47,734,541,193,74,33,19,1,0,0,2,3.38
Bayer 04 Leverkusen,Kevin Kampl,30,2,1,2540,1,34,2,39,0,0,317.54,2241,44,1764,1478,286,84,34,18,2,0,0,4,3.41
Bayer 04 Leverkusen,Ömer Toprak,25,0,5,2098,1,12,0,2,0,1,225.46,1525,55,1253,1058,195,84,31,9,0,0,0,6,3.48
Bayer 04 Leverkusen,Vladlen Yurchenko,3,2,0,148,0,4,0,1,0,0,18.80,136,42,113,92,21,81,4,0,0,0,0,0,3.50
Bayer 04 Leverkusen,Chicharito,26,6,7,1813,11,52,3,22,0,2,202.57,709,43,466,342,124,73,30,36,23,0,0,1,3.52
Bayer 04 Leverkusen,Kevin Volland,23,7,4,1472,6,34,3,26,1,0,194.73,725,39,438,300,138,68,36,19,6,1,0,3,3.61
Bayer 04 Leverkusen,Karim Bellarabi,16,2,7,1113,2,35,6,18,0,0,137.75,726,39,400,289,111,72,27,16,11,0,0,4,3.64
Bayer 04 Leverkusen,Lars Bender,9,0,7,602,0,5,1,7,0,0,80.60,453,54,303,232,71,77,15,11,0,0,0,4,3.67
Bayer 04 Leverkusen,Julian Baumgartlinger,22,3,7,1561,0,13,1,14,0,0,210.96,1173,56,940,811,129,86,19,20,1,0,0,1,3.68
Bayer 04 Leverkusen,Benjamin Henrichs,29,2,2,2427,0,7,2,19,0,0,260.29,1969,60,1242,943,299,76,28,34,1,0,0,1,3.70
Bayer 04 Leverkusen,Tin Jedvaj,18,2,2,1421,1,11,0,3,0,0,162.58,980,55,666,488,178,73,19,16,3,0,1,2,3.81
Bayer 04 Leverkusen,Wendell,32,5,4,2524,2,18,2,27,0,0,293.66,2264,56,1480,1183,297,80,45,33,1,0,1,8,3.84
Bayer 04 Leverkusen,Aleksandar Dragovic,19,4,3,1259,0,6,1,4,0,0,138.25,885,60,709,600,109,85,16,13,1,0,0,1,3.93
Bayer 04 Leverkusen,Charles Aranguiz,26,4,10,1814,2,18,3,21,1,1,241.55,1432,50,1090,868,222,80,38,40,0,0,1,7,4.00
Bayer 04 Leverkusen,Danny da Costa,3,2,1,111,0,0,1,1,0,0,12.88,112,56,76,56,20,74,0,1,0,0,0,0,4.00
Bayer 04 Leverkusen,Roberto Hilbert,7,0,1,585,0,2,0,9,0,0,65.47,426,57,249,176,73,71,8,7,1,0,0,2,4.21
Bayer 04 Leverkusen,Admir Mehmedi,22,6,13,1258,3,16,0,12,0,0,161.03,698,43,455,345,110,76,28,20,16,0,0,1,4.29
1. FSV Mainz 05,Jonas Lössl,27,0,0,2430,0,1,0,2,0,0,146.99,1069,77,798,457,341,57,1,4,0,0,0,0,3.11
1. FSV Mainz 05,Jannik Huth,7,0,0,630,0,0,0,0,0,0,37.40,281,100,215,140,75,65,0,0,0,0,0,0,3.21
1. FSV Mainz 05,Stefan Bell,31,1,0,2743,5,24,1,14,0,0,298.26,1704,58,1291,968,323,75,39,22,4,0,1,9,3.35
1. FSV Mainz 05,Jhon Cordoba,29,2,11,2344,5,59,5,22,0,0,257.48,1098,41,488,334,154,68,66,94,47,1,0,8,3.37
1. FSV Mainz 05,Danny Latza,21,3,6,1576,4,28,1,14,0,0,213.17,1077,47,788,602,186,76,29,33,0,0,0,6,3.42
1. FSV Mainz 05,Yoshinori Muto,19,9,6,1023,5,18,2,7,0,0,134.20,331,35,183,115,68,63,26,19,15,0,0,3,3.45
1. FSV Mainz 05,Niko Bungert,10,1,3,755,1,4,0,0,0,0,84.39,444,55,346,272,74,79,19,9,0,0,0,1,3.50
1. FSV Mainz 05,Gerrit Holtmann,5,4,0,128,0,2,1,2,0,0,16.98,72,35,40,31,9,78,1,1,0,0,0,0,3.50
1. FSV Mainz 05,Aaron Seydel,6,5,0,176,1,4,0,0,0,0,23.96,76,48,49,27,22,55,6,6,4,0,0,0,3.50
1. FSV Mainz 05,Giulio Donati,32,1,3,2802,0,9,1,21,0,0,306.72,2001,63,1132,783,349,69,31,41,2,0,0,4,3.53
1. FSV Mainz 05,Bojan,11,3,5,628,1,14,1,10,0,0,81.52,331,47,200,160,40,80,4,14,3,0,0,1,3.56
1. FSV Mainz 05,André Ramalho,18,6,4,1135,0,13,0,4,0,0,141.91,823,52,620,476,144,77,21,14,0,0,0,4,3.58
1. FSV Mainz 05,Pablo De Blasis,31,14,10,1661,5,35,4,32,1,0,213.58,959,35,606,404,202,67,29,24,6,0,0,5,3.58
1. FSV Mainz 05,Daniel Brosinski,29,2,1,2454,1,34,3,31,1,0,290.59,1720,52,1063,759,304,71,21,34,0,0,0,6,3.59
1. FSV Mainz 05,Jean-Philippe Gbamin,25,4,4,1820,0,23,0,5,0,0,227.45,1078,49,749,534,215,71,53,23,0,1,2,2,3.59
1. FSV Mainz 05,Yunus Malli,32,4,11,2551,7,61,8,51,3,0,326.94,1447,41,879,615,264,70,18,37,13,0,0,1,3.81
1. FSV Mainz 05,Fabian Frei,24,5,6,1666,0,16,1,14,0,0,208.26,1010,46,770,589,181,76,20,11,2,0,0,3,3.60
1. FSV Mainz 05,Leon Balogun,17,4,3,1023,0,3,0,2,0,0,117.33,612,62,421,317,104,75,14,14,0,0,0,3,3.71
1. FSV Mainz 05,Alexander Hack,15,2,1,1296,0,8,1,4,0,0,149.64,980,66,737,567,170,77,6,18,0,0,0,0,3.73
1. FSV Mainz 05,Gaetan Bussmann,14,2,1,1048,0,10,1,9,0,0,128.91,683,60,337,188,149,56,12,8,0,1,0,1,3.75
1. FSV Mainz 05,Christian Clemens,15,3,7,993,1,15,1,8,0,0,121.32,480,49,266,191,75,72,17,10,1,0,0,2,4.19
1. FSV Mainz 05,Robin Quaison,11,5,5,482,1,6,0,2,0,0,62.24,196,34,117,73,44,62,13,7,0,0,0,0,3.75
1. FSV Mainz 05,Levin Öztunali,30,7,12,1966,5,29,6,33,0,0,254.45,984,37,495,299,196,60,30,24,5,0,0,1,3.76
1. FSV Mainz 05,Suat Serdar,8,4,2,330,0,1,0,3,0,0,41.36,180,45,107,74,33,69,13,5,0,0,0,1,3.88
1. FSV Mainz 05,Karim Onisiwo,16,6,4,913,1,15,0,6,0,0,117.43,467,37,210,133,77,63,21,25,5,0,0,4,4.09
1. FSV Mainz 05,Jairo,17,6,7,942,2,27,1,9,2,0,114.06,506,37,247,155,92,63,12,14,3,0,0,5,4.13
FC Augsburg,Andreas Luthe,2,0,0,180,0,0,0,2,0,0,12.46,74,0,51,21,30,41,0,0,0,0,0,0,2.00
FC Augsburg,Marwin Hitz,32,0,0,2880,0,1,0,0,0,0,161.34,1309,73,1037,606,431,58,2,4,0,0,0,4,2.98
FC Augsburg,Raul Bobadilla,18,5,6,1044,4,35,2,16,0,0,114.90,595,38,301,217,84,72,15,27,19,0,0,1,3.14
FC Augsburg,Jeffrey Gouweleeuw,18,0,2,1548,2,7,1,6,0,0,170.33,894,51,626,479,147,77,29,6,2,0,0,4,3.21
FC Augsburg,Daniel Baier,27,0,6,2393,1,24,3,32,0,0,293.99,1816,52,1359,997,362,73,39,55,2,0,0,5,3.26
FC Augsburg,Raphael Framberger,3,1,1,142,0,0,1,2,0,0,17.50,84,64,49,36,13,73,2,2,0,0,0,0,3.50
FC Augsburg,Martin Hinteregger,31,0,1,2773,3,26,0,3,0,0,297.00,1664,64,1254,915,339,73,20,17,1,0,0,5,3.50
FC Augsburg,Alfred Finnbogason,13,0,5,1127,3,22,1,13,0,0,135.47,434,34,274,187,87,68,27,14,13,1,0,1,3.54
FC Augsburg,Dominik Kohr,26,5,5,1963,2,29,1,12,0,0,235.94,1144,51,762,560,202,73,70,44,0,0,1,12,3.63
FC Augsburg,Halil Altintop,31,14,10,1605,6,16,2,16,0,0,212.74,765,40,482,348,134,72,15,32,4,0,0,1,3.66
FC Augsburg,Caiuby,5,3,0,248,0,7,0,2,0,0,29.73,153,55,91,55,36,60,12,4,0,0,0,1,3.67
FC Augsburg,Konstantinos Stafylidis,27,1,6,2240,4,45,0,16,0,0,252.37,1581,60,836,597,239,71,24,27,0,0,0,6,3.67
FC Augsburg,Paul Verhaegh,31,0,2,2762,3,10,2,12,3,1,326.81,1954,59,1181,915,266,77,21,25,1,0,0,4,3.81
FC Augsburg,Moritz Leitner,6,4,0,240,0,5,0,2,0,0,34.59,116,45,67,45,22,67,6,8,0,0,0,0,3.83
FC Augsburg,Dong-Won Ji,34,10,4,2297,3,45,3,27,0,0,273.32,1249,46,812,553,259,68,53,42,8,0,0,4,3.98
FC Augsburg,Christoph Janker,15,3,0,1088,0,2,0,1,0,0,117.68,586,51,467,393,74,84,11,4,0,0,0,4,4.00
FC Augsburg,Philipp Max,25,5,9,1813,1,17,3,27,0,0,230.86,993,44,622,451,171,73,22,13,5,0,0,4,4.00
FC Augsburg,Georg Teigl,18,14,2,667,0,7,1,5,0,0,89.03,325,48,175,128,47,73,5,11,4,0,0,1,4.00
FC Augsburg,Ja-Cheol Koo,23,1,9,1808,2,30,4,18,0,0,223.29,967,42,602,470,132,78,47,49,5,0,1,6,4.05
FC Augsburg,Jan Moravek,13,3,10,690,0,3,1,11,0,0,90.59,376,42,279,200,79,72,28,4,1,0,0,2,4.05
FC Augsburg,Jonathan Schmid,25,5,11,1695,1,24,3,21,0,0,200.52,692,48,374,259,115,69,11,21,1,0,0,1,4.07
FC Augsburg,Kevin Danso,7,0,1,612,0,4,1,2,0,0,68.82,341,55,226,162,64,72,11,7,0,0,0,0,4.14
FC Augsburg,Gojko Kacar,22,11,6,1097,0,7,0,8,0,0,121.32,624,58,424,321,103,76,17,18,0,0,0,1,4.23
FC Augsburg,Takashi Usami,11,6,4,437,0,2,0,4,0,0,52.74,206,39,111,74,37,67,7,4,0,0,0,0,4.30
FC Augsburg,Julian Günther-Schmidt,4,4,0,46,0,3,0,0,0,0,7.29,39,37,14,11,3,79,0,2,1,0,0,0,4.50
FC Augsburg,Tim Rieder,5,3,0,216,0,1,0,0,0,0,29.34,108,62,78,61,17,78,3,1,0,0,0,0,4.50
Hamburger SV,Tom Mickel,1,0,0,90,0,0,0,0,0,0,4.86,37,100,23,11,12,48,0,0,0,0,0,0,2.00
Hamburger SV,Christian Mathenia,14,0,0,1260,0,0,0,1,0,0,78.65,492,91,398,182,216,46,0,5,0,0,0,1,2.89
Hamburger SV,Kyriakos Papadopoulos,16,1,1,1318,2,15,0,1,0,0,130.43,712,66,450,287,163,64,18,15,0,0,0,6,3.07
Hamburger SV,René Adler,19,0,0,1710,0,0,1,1,0,0,104.92,694,78,532,262,270,49,1,3,0,0,0,1,3.13
Hamburger SV,Ashton Götz,1,0,1,65,0,0,0,0,0,0,7.92,36,25,19,15,4,79,1,2,0,0,0,1,3.50
Hamburger SV,Vasilije Janjicic,4,2,1,176,0,1,0,1,0,0,22.06,115,68,87,63,24,72,0,0,0,0,0,0,3.75
Hamburger SV,Nicolai Müller,25,3,9,1896,5,44,7,29,0,0,238.07,951,40,460,286,174,62,59,45,11,0,0,4,3.77
Hamburger SV,Aaron Hunt,22,8,7,1302,4,14,2,26,0,1,166.83,832,49,537,395,142,74,25,33,6,0,0,3,3.87
Hamburger SV,Nabil Bahoui,1,0,1,66,0,1,0,0,0,0,8.10,29,25,16,13,3,81,3,1,0,0,0,0,4.00
Hamburger SV,Mergim Mavraj,30,0,0,2700,0,14,0,0,0,0,280.66,1533,62,1095,870,225,79,37,21,0,0,0,5,3.53
Hamburger SV,Matthias Ostrzolek,24,1,3,1992,1,12,1,17,0,0,240.36,1432,60,847,533,314,63,26,41,0,0,0,4,4.02
Hamburger SV,Michael Gregoritsch,30,16,12,1305,5,52,3,9,0,0,155.68,761,45,488,301,187,62,26,20,5,0,0,4,4.03
Hamburger SV,Gotoku Sakai,33,4,0,2696,1,19,2,22,0,0,338.23,1772,55,1174,820,354,70,28,40,2,0,0,7,4.05
Hamburger SV,Dennis Diekmeier,24,3,7,1779,0,7,1,16,0,0,211.36,917,59,428,268,160,63,24,18,1,0,1,5,4.07
Hamburger SV,Douglas Santos,20,1,0,1713,0,7,0,11,0,0,202.65,1277,57,710,483,227,68,23,10,1,0,0,4,4.08
Hamburger SV,Filip Kostic,31,2,15,2518,4,53,4,40,0,0,304.42,1364,39,647,416,231,64,37,36,11,0,0,6,4.15
Hamburger SV,Lewis Holtby,29,0,9,2412,1,29,6,34,0,0,337.23,1645,45,1056,771,285,73,59,45,14,1,0,4,4.16
Hamburger SV,Gideon Jung,29,3,2,2371,0,12,0,5,0,0,271.68,1112,54,761,528,233,69,51,39,3,0,0,3,4.20
Hamburger SV,Bobby Wood,28,5,11,2080,5,39,2,25,0,0,226.01,924,38,502,309,193,62,38,30,16,1,0,1,4.20
Hamburger SV,Bakery Jatta,6,5,1,183,0,4,0,3,0,0,25.42,109,55,54,29,25,54,4,4,0,0,0,0,4.25
Hamburger SV,Emir Spahic,11,2,1,777,0,3,0,1,0,0,89.90,563,51,433,325,108,75,20,5,0,0,0,3,4.28
Hamburger SV,Albin Ekdal,21,8,4,1246,1,6,1,2,0,0,149.46,686,57,489,344,145,70,27,27,1,0,1,2,4.44
Hamburger SV,Johan Djourou,14,2,0,1144,0,4,0,3,0,1,122.75,581,60,414,341,73,82,25,3,0,0,0,6,4.54
Hamburger SV,Walace,9,0,4,718,1,6,0,1,0,0,86.67,430,51,296,222,74,75,15,8,0,0,0,2,4.67
Hamburger SV,Luca Waldschmidt,14,11,3,357,1,9,1,4,0,0,50.84,162,40,95,66,29,69,5,4,2,0,0,0,4.90
Hamburger SV,Pierre-Michel Lasogga,20,15,3,549,1,18,0,5,0,0,65.50,262,48,185,119,66,64,18,6,6,0,0,2,4.92
Hamburger SV,Cleber,5,0,1,324,0,0,0,0,0,0,34.27,237,54,172,121,51,70,12,3,0,1,0,1,5.00
Hamburger SV,Alen Halilovic,6,5,1,142,0,1,0,0,0,0,16.86,82,27,62,47,15,76,0,0,0,0,0,0,5.00
VfL Wolfsburg,Koen Casteels,20,0,0,1800,0,0,0,0,0,0,121.12,852,80,635,446,189,70,2,3,0,0,0,3,3.00
VfL Wolfsburg,Bas Dost,1,0,1,80,0,0,1,1,0,0,9.06,34,33,29,14,15,48,0,0,0,0,0,0,3.00
VfL Wolfsburg,Diego Benaglio,14,0,0,1260,0,0,0,0,0,0,82.50,457,67,340,192,148,56,1,1,0,0,0,1,3.04
VfL Wolfsburg,Jeffrey Bruma,20,0,1,1716,1,11,0,5,0,0,183.88,1207,52,963,795,168,83,36,7,2,1,0,6,3.50
VfL Wolfsburg,Borja Mayoral,19,16,3,388,2,12,0,5,0,0,52.16,223,45,159,122,37,77,4,9,1,0,0,1,3.50
VfL Wolfsburg,Daniel Didavi,18,7,11,986,4,29,3,17,0,0,122.19,568,43,365,285,80,78,25,28,4,0,0,0,3.57
VfL Wolfsburg,Josuha Guilavogui,19,2,3,1541,0,7,1,12,0,0,194.87,1155,55,847,696,151,82,44,21,1,0,0,6,3.61
VfL Wolfsburg,Ricardo Rodriguez,24,1,2,2018,2,22,3,27,1,0,225.05,1604,53,1235,1015,220,82,24,12,0,0,0,1,3.65
VfL Wolfsburg,Luiz Gustavo,27,1,1,2343,0,19,0,4,0,0,290.14,1678,54,1275,1072,203,84,50,40,1,0,1,6,3.69
VfL Wolfsburg,Paul-Georges Ntep,10,5,4,503,0,13,2,6,0,0,54.24,297,40,175,115,60,66,8,13,1,0,0,0,3.71
VfL Wolfsburg,Jannes Horn,13,3,1,976,0,2,2,10,0,0,122.06,616,58,381,313,68,82,5,12,0,0,0,2,3.73
VfL Wolfsburg,Mario Gomez,33,1,5,2850,16,84,1,39,2,0,302.89,1090,48,680,426,254,63,44,29,29,0,0,4,3.73
VfL Wolfsburg,Robin Knoche,23,2,2,1870,1,11,1,6,0,0,230.07,1604,55,1331,1101,230,83,26,14,0,0,0,2,3.74
VfL Wolfsburg,Christian Träsch,11,4,1,697,0,6,1,15,0,0,89.42,641,62,407,290,117,71,3,11,1,0,0,0,3.81
VfL Wolfsburg,Yannick Gerhardt,27,2,2,2214,0,15,3,21,0,0,275.18,1588,56,1052,811,241,77,33,27,5,0,0,5,3.88
VfL Wolfsburg,Paul Seguin,22,7,7,1322,1,10,1,15,0,0,176.99,906,43,681,573,108,84,34,15,0,0,1,3,3.91
VfL Wolfsburg,Julian Draxler,13,1,5,1050,0,29,2,27,0,0,125.54,638,46,432,355,77,82,17,11,4,0,0,0,3.92
VfL Wolfsburg,Daniel Caligiuri,32,5,16,2209,4,39,4,30,0,0,274.56,1417,44,837,629,208,75,43,40,3,0,0,2,3.91
VfL Wolfsburg,Jakub Blaszczykowski,28,8,9,1689,0,11,3,19,0,0,204.76,1223,54,755,576,179,76,24,34,2,0,0,2,3.95
VfL Wolfsburg,Maximilian Arnold,32,4,5,2423,2,48,3,33,0,0,310.94,1646,51,1192,990,202,83,54,88,1,0,0,9,3.98
VfL Wolfsburg,Riechedly Bazoer,12,0,5,969,0,19,1,6,0,0,116.72,517,38,412,338,74,82,21,11,1,0,0,5,4.00
VfL Wolfsburg,Hendrik Hansen,1,1,0,84,0,0,0,0,0,0,9.72,49,50,39,26,13,67,2,1,0,0,0,0,4.00
VfL Wolfsburg,Marcel Schäfer,4,2,2,109,0,1,0,2,0,0,14.39,83,80,56,44,12,79,1,1,0,0,0,1,4.00
VfL Wolfsburg,Yunus Malli,32,4,11,2551,7,61,8,51,3,0,326.94,1447,41,879,615,264,70,18,37,13,0,0,1,3.81
VfL Wolfsburg,Sebastian Jung,4,0,3,293,0,0,1,4,0,0,36.70,201,59,118,92,26,78,1,4,0,0,0,0,4.13
VfL Wolfsburg,Philipp Wollscheid,7,1,0,542,0,6,0,3,0,0,61.08,478,83,411,333,78,81,4,4,0,0,0,0,4.25
VfL Wolfsburg,Vieirinha,21,8,10,1214,0,21,0,20,0,0,141.65,837,61,523,391,132,75,16,27,3,0,0,3,4.44
VfL Wolfsburg,Victor Osimhen,2,2,0,47,0,1,0,1,0,0,6.99,30,33,16,12,4,75,1,0,1,0,0,1,4.50
VfL Wolfsburg,Bruno Henrique,7,6,1,183,0,4,0,5,0,0,20.87,116,54,55,37,18,67,4,11,1,0,0,0,4.75
FC Ingolstadt 04,Örjan Nyland,12,1,0,1023,0,0,0,0,0,0,65.37,442,86,346,176,170,51,0,1,0,0,0,0,3.21
FC Ingolstadt 04,Martin Hansen,23,0,1,2037,0,0,0,1,0,0,104.79,817,77,644,316,328,49,1,4,0,0,0,1,3.28
FC Ingolstadt 04,Romain Bregerie,17,0,0,1526,3,14,0,7,0,0,172.09,849,54,637,454,183,71,21,9,0,1,0,3,3.29
FC Ingolstadt 04,Almog Cohen,31,2,8,2494,7,60,2,8,1,0,308.67,1288,55,868,637,231,73,53,42,1,0,0,2,3.36
FC Ingolstadt 04,Sonny Kittel,20,13,6,794,2,22,1,10,0,0,104.98,401,38,225,171,54,76,13,10,4,0,0,2,3.44
FC Ingolstadt 04,Markus Suttner,31,0,4,2732,4,44,5,54,0,0,329.84,1969,54,1024,618,406,60,35,17,3,0,0,10,3.47
FC Ingolstadt 04,Marcel Tisserand,28,1,2,2388,0,16,2,6,0,0,267.30,1348,52,998,706,292,71,50,14,2,0,0,9,3.50
FC Ingolstadt 04,Marvin Matip,33,0,1,2969,0,27,0,8,0,0,325.91,1643,60,1197,879,318,73,27,13,1,0,0,5,3.55
FC Ingolstadt 04,Pascal Groß,33,2,12,2720,5,51,5,98,3,0,373.24,2118,43,1521,1055,466,69,47,47,4,0,0,5,3.60
FC Ingolstadt 04,Alfredo Morales,27,7,9,1709,1,25,0,11,0,0,220.04,955,50,627,400,227,64,33,38,4,0,1,4,3.62
FC Ingolstadt 04,Dario Lezcano,33,6,14,2507,6,59,5,30,0,1,293.99,1262,43,641,468,173,73,70,136,30,0,0,4,3.63
FC Ingolstadt 04,Anthony Jung,16,8,5,704,1,6,1,10,0,0,94.63,411,47,236,143,93,61,13,13,0,0,0,1,3.67
FC Ingolstadt 04,Florent Hadergjonaj,25,0,1,2221,1,10,2,23,0,0,272.19,1518,58,810,451,359,56,31,29,1,0,0,6,3.80
FC Ingolstadt 04,Roger,30,4,8,2281,1,14,0,1,0,0,250.44,1094,61,742,500,242,67,36,48,0,0,0,6,3.85
FC Ingolstadt 04,Max Christiansen,11,7,3,443,0,4,0,2,0,0,58.65,283,46,205,156,49,76,8,10,0,0,1,1,3.90
FC Ingolstadt 04,Lukas Hinterseer,28,20,4,967,3,20,1,13,2,0,128.63,509,40,288,183,105,64,33,25,13,0,0,2,4.00
FC Ingolstadt 04,Tobias Levels,10,2,0,720,0,6,0,5,0,0,94.30,641,54,394,281,113,71,24,19,0,1,0,3,4.00
FC Ingolstadt 04,Mathew Leckie,30,5,9,2082,0,50,3,29,0,0,262.48,1439,50,832,551,281,66,42,48,10,1,1,2,4.08
FC Ingolstadt 04,Stefan Lex,13,11,2,333,0,9,0,3,0,0,47.25,140,47,71,41,30,58,6,9,3,0,0,3,4.13
FC Ingolstadt 04,Moritz Hartmann,14,2,9,942,1,19,0,10,0,1,126.85,435,48,281,184,97,65,19,16,1,0,0,0,4.29
SV Darmstadt 98,Daniel Heuer Fernandes,7,1,0,576,0,0,0,0,0,0,46.20,346,67,279,186,93,67,0,0,0,0,0,0,2.64
SV Darmstadt 98,Michael Esser,28,0,1,2484,0,1,0,1,0,0,175.40,1242,78,967,535,432,55,0,6,0,0,0,3,2.77
SV Darmstadt 98,Hamit Altintop,16,1,0,1362,0,20,0,11,0,1,170.72,998,56,736,624,112,85,16,15,0,0,0,3,3.00
SV Darmstadt 98,Victor Obinna,2,2,0,38,0,1,0,2,0,0,5.50,29,44,19,17,2,89,2,0,0,0,0,0,3.00
SV Darmstadt 98,Felix Platte,9,3,5,467,2,12,1,3,0,0,57.55,191,50,110,65,45,59,12,7,4,0,0,1,3.43
SV Darmstadt 98,Aytac Sulu,27,0,0,2430,2,25,1,4,0,0,246.80,1110,58,738,567,171,77,27,41,1,0,0,7,3.56
SV Darmstadt 98,Peter Niemeyer,15,2,5,1107,0,5,0,2,0,0,127.00,506,61,346,235,111,68,17,18,4,0,1,6,3.62
SV Darmstadt 98,Jerome Gondorf,29,0,5,2546,3,33,6,37,1,0,331.82,1568,49,916,592,324,65,44,83,4,0,0,7,3.67
SV Darmstadt 98,Mario Vrancic,23,5,9,1536,4,30,2,52,1,0,193.45,949,52,634,441,193,70,33,25,1,0,1,1,3.70
SV Darmstadt 98,Marcel Heller,32,1,5,2716,3,42,5,31,0,0,320.29,1062,34,552,361,191,65,27,27,27,0,0,2,3.79
SV Darmstadt 98,Laszlo Kleinheisler,12,2,8,776,1,14,1,3,0,0,95.98,322,33,193,132,61,68,21,14,0,0,0,0,3.80
SV Darmstadt 98,Patrick Banggaard,9,0,0,810,0,5,0,2,0,0,91.84,417,62,329,261,68,79,12,2,0,0,0,4,3.83
SV Darmstadt 98,Antonio-Mirko Colak,22,10,4,1275,4,32,2,7,1,1,164.38,427,39,249,159,90,64,32,27,16,0,1,0,3.83
SV Darmstadt 98,Florian Jungwirth,16,4,1,1146,0,10,0,6,0,0,136.28,602,61,344,224,120,65,21,14,1,0,0,2,3.83
SV Darmstadt 98,Markus Steinhöfer,7,4,0,323,0,3,1,6,0,0,41.38,234,57,125,92,33,74,5,1,0,0,0,0,3.83
SV Darmstadt 98,Sidney Sam,13,2,4,884,2,13,1,6,2,0,109.62,528,38,281,206,75,73,18,20,0,0,0,1,3.85
SV Darmstadt 98,Sandro Sirigu,30,13,5,1813,2,19,2,14,0,0,213.58,942,52,471,333,138,71,32,23,5,0,1,4,3.90
SV Darmstadt 98,Wilson Kamavuaka,8,2,5,502,0,2,1,2,0,0,62.48,228,46,161,109,52,68,8,6,0,0,0,2,3.93
SV Darmstadt 98,Fabian Holland,26,1,4,2255,0,2,0,11,0,0,260.75,1264,64,741,494,247,67,33,33,0,0,0,2,4.08
SV Darmstadt 98,Immanuel Höhn,12,0,1,1068,0,2,0,4,0,0,116.98,515,47,324,235,89,73,12,6,1,0,0,3,4.08
SV Darmstadt 98,Änis Ben-Hatira,11,3,6,586,1,10,0,5,0,0,72.74,275,30,142,84,58,59,11,13,7,0,0,3,4.11
SV Darmstadt 98,Alexander Milosevic,18,0,1,1597,0,10,0,2,0,0,171.07,728,57,517,389,128,75,16,5,1,0,0,4,4.11
SV Darmstadt 98,Leon Guwara,17,6,0,1102,0,2,0,10,0,0,127.39,600,49,311,216,95,69,13,13,0,0,1,1,4.21
SV Darmstadt 98,Artem Fedetskyy,16,3,5,1110,0,4,0,4,0,0,133.88,560,58,292,191,101,65,20,8,0,0,0,4,4.29
SV Darmstadt 98,Jan Rosenthal,19,9,8,840,0,16,0,8,0,0,108.24,433,40,288,188,100,65,17,11,2,0,0,3,4.29
SV Darmstadt 98,Sven Schipplock,23,11,9,1108,2,16,0,10,0,0,133.11,415,47,261,142,119,54,36,18,7,0,0,3,4.38
SV Darmstadt 98,Terrence Boyd,7,2,5,375,1,5,0,3,0,0,47.76,165,32,112,74,38,66,14,2,1,0,0,1,4.50
SV Darmstadt 98,Roman Bezjak,11,4,5,588,0,9,0,6,0,0,74.74,211,45,127,66,61,52,17,9,3,0,0,0,4.56