purchases,money,prime
15,35798,1
13,33806,0
31,73422,1
4,6625,1
2,7560,0
1,3615,0
8,25083,0
17,35564,1
1,682,0
11,26167,0
15,40292,1
6,14521,0
1,1501,0
6,19959,0
5,14170,1
1,2687,0
13,25364,1
20,50333,1
6,17034,0
14,34050,0
10,20062,1
5,14421,0
11,33822,1
1,1,0
31,75150,1
6,16602,0
11,24479,0
23,60218,1
1,2281,0
5,11585,0
10,33415,1
2,3027,0
10,26797,1
12,26144,1
1,707,0
6,14924,0
5,14876,0
25,64443,1
1,3581,0
23,60851,1
14,30762,0
27,73582,1
9,28302,1
1,2496,0
20,47361,1
1,1571,0
4,9285,1
1,2285,0
11,26856,1
18,48663,0
1,1437,0
18,46079,1
7,14605,0
4,6570,1
25,63238,1
22,47043,1
7,23908,1
17,43264,1
19,40872,1
1,435,0
1,3805,0
9,22000,1
22,57837,1
1,4565,1
4,11794,1
1,2305,0
10,23295,1
2,2815,0
14,28581,1
9,22165,0
3,12721,1
18,50883,0
1,917,1
6,14552,0
1,2925,0
1,3169,1
1,2032,1
13,29341,1
9,18611,0
7,15440,0
3,2281,0
15,43273,0
10,24390,0
1,3127,0
1,1352,0
20,51325,1
1,3548,1
8,22464,0
19,42527,1
8,18407,0
19,49131,1
15,40492,1
1,2952,0
15,37180,1
18,45728,1
21,53228,1
19,41684,1
1,2546,0
34,89295,1
12,28653,1
1,1174,0
16,43883,1
7,18332,0
11,20620,1
12,30937,0
1,3944,0
30,72425,1
12,36072,1
31,76634,1
8,17394,0
8,17808,1
2,7278,0
23,59473,1
14,36875,0
11,28214,1
23,52580,1
19,49551,1
1,1869,1
12,35233,1
17,46265,1
17,41541,1
24,59594,0
13,38119,1
20,45855,1
1,3412,1
11,27162,0
10,27538,0
5,15665,1
23,61058,1
7,17686,0
12,28546,1
11,31780,1
25,64629,1
2,2924,0
21,52772,1
25,71906,1
1,3377,0
12,37430,0
1,3694,0
3,7694,0
5,17671,0
23,65929,1
29,78125,1
12,39385,0
7,18395,1
7,16682,1
9,18695,0
12,40273,1
16,35803,0
11,30103,0
11,26222,1
17,45171,1
15,37954,1
16,36873,0
15,44091,1
29,79352,1
6,8268,1
7,20198,1
11,30247,1
10,26214,0
15,44346,1
32,87305,1
23,53268,0
1,2849,0
10,23928,0
18,34776,1
9,24811,1
8,24756,0
22,54515,1
19,49312,1
11,25924,1
7,26021,1
10,30712,0
8,19329,0
9,31177,0
1,2699,0
2,4618,0
1,1834,0
13,33340,1
16,39498,1
17,48265,0
12,25371,0
5,12095,0
15,44222,1
1,2631,0
3,8340,1
7,13397,0
8,15134,0
1,1768,0
9,20671,1
1,2641,0
1,1931,1
12,28814,0
13,33048,0
1,1159,0
1,2826,0
19,44887,0
1,2837,0
29,67679,1
16,36715,1
12,26795,0
1,1,0
26,60896,1
3,3533,0
6,16604,0
18,45492,1
18,45857,1
1,1939,0
26,77228,1
1,1650,0
2,5151,0
6,15049,0
1,2792,0
4,13483,0
7,8221,0
3,2524,0
12,29120,1
5,11156,0
1,2177,0
10,23791,1
2,5670,0
1,4974,0
1,1502,0
15,38526,1
12,25492,0
21,52304,1
1,728,0
1,133,0
9,18900,1
14,38486,1
1,2718,0
2,4878,0
1,4515,0
11,24753,1
8,20742,0
9,22655,0
1,2202,0
17,42013,1
3,4972,0
7,16702,0
9,25297,0
1,1916,0
9,26010,0
1,2355,1
1,862,0
3,6399,0
10,23899,1
22,53866,1
16,38855,1
11,17281,0
13,31769,0
8,14141,0
3,7726,0
5,10878,0
6,19166,1
15,29186,1
3,5497,0
15,36803,0
13,37575,0
1,1910,0
2,4904,0
16,42651,1
16,51382,1
7,15304,0
8,16041,1
21,55061,1
6,13394,0
1,2330,0
1,3418,0
1,868,0
20,48983,1
6,15838,0
21,50220,1
23,53142,1
18,41231,1
3,9424,0
21,56621,1
1,2362,0
3,6461,0
32,86949,1
5,12872,1
7,21587,0
1,6018,0
1,3442,0
13,33561,0
1,1624,0
27,67711,1
24,57227,1
10,19354,1
9,15450,0
16,41421,1
20,52784,1
24,62392,1
1,1592,0
11,23427,1
22,57072,1
1,4331,1
17,33079,1
2,3126,1
6,19612,1
1,2778,0
3,9639,0
1,3087,0
4,11951,0
9,30462,1
20,56056,1
2,8417,0
13,27411,0
1,2843,0
4,12246,1
1,1238,0
3,8971,0
19,41020,1
32,77548,1
1,2500,0
14,37232,1
20,50093,1
8,21903,0
1,2103,0
3,4294,0
8,21617,0
1,1958,0
1,2681,0
14,31591,1
3,8091,0
1,2270,0
1,2731,0
22,59049,1
6,18589,0
1,2398,0
12,27880,1
27,64132,0
5,13185,1
13,33374,0
1,2541,0
11,23069,1
4,14588,1
13,32751,1
16,37405,1
17,36124,1
14,33179,1
13,28199,1
1,2383,0
2,4613,0
4,13161,0
1,2696,0
1,3164,0
10,22851,1
6,13055,0
11,18840,0
13,27553,0
1,959,0
7,13044,0
15,26899,1
7,16389,0
23,62684,1
9,29325,0
1,3471,0
29,79965,1
1,4683,0
24,70904,1
14,26475,0
22,49793,1
30,76590,1
3,7297,0
5,15550,1
12,24157,1
8,20402,0
20,50895,1
18,42886,1
8,23240,0
3,8954,1
1,1780,0
1,2726,0
1,2968,0
10,24760,0
5,12532,1
7,19065,0
1,1992,0
1,1560,0
1,876,0
14,39176,1
1,2553,0
13,27621,0
13,29102,1
14,39195,1
20,51267,1
8,14100,0
21,54473,1
10,35735,1
1,1371,0
1,3143,0
8,18097,0
9,24157,1
12,27158,1
5,15703,0
1,747,0
1,2437,0
1,4115,0
9,23336,1
32,81446,1
13,32252,1
25,61745,1
2,4369,1
15,43994,1
14,31517,0
20,50353,1
9,25385,1
8,20850,0
14,45115,0
7,16041,0
21,50141,1
1,2595,0
23,61150,1
3,8501,0
11,27255,1
14,37991,0
20,57021,1
20,48396,1
3,5763,0
10,27487,0
8,18596,1
16,39725,1
1,2669,0
5,16207,0
6,16387,0
18,38513,1
1,2962,0
28,72156,1
1,1129,0
13,29436,1
28,78286,1
1,402,0
28,65844,1
2,4952,0
12,31052,0
1,2451,1
21,47973,1
26,54354,1
1,1324,0
15,38594,0
1,1264,0
1,1887,0
13,30677,0
9,23834,0
19,52727,1
13,33989,1
8,22943,0
1,1353,1
27,66295,1
17,44820,1
13,29296,0
1,1260,0
5,11087,0
1,2157,0
22,54132,1
14,46035,0
12,34762,1
1,2040,0
4,14487,0
19,45561,1
1,3615,0
1,1879,1
11,30985,1
13,34182,0
16,37607,0
30,78852,1
16,36916,1
27,61657,1
17,49977,1
10,25538,0
21,57801,1
10,26534,0
12,26931,0
31,71771,1
1,3650,1
18,43084,1
17,46288,1
16,42098,1
1,1092,0
22,50609,1
26,71514,1
12,22627,0
6,13980,0
3,10238,1
14,32793,1
20,51745,1
12,31198,0
1,3315,0
1,242,0
2,4294,0
3,9108,0
23,54260,0
1,2814,0
22,58700,0
1,763,0
2,7761,0
8,14260,1
26,63377,1
9,17106,0
10,17542,1
11,32602,0
6,15346,0
1,3393,0
1,817,0
1,2613,0
3,9035,1
1,1197,0
1,3625,0
25,63366,1
16,44676,1
7,20777,0
17,42182,1
16,34654,1
1,1427,0
23,55214,1
7,11909,1
1,2753,0
19,53224,1
21,53495,0
6,15602,1
28,74190,1
16,41301,0
18,43350,1
11,26482,1
15,33034,0
18,47930,1
14,27086,0
7,16557,1
14,31516,1
10,29487,1
7,18487,0
25,66395,1
1,640,0
2,5547,0
11,28919,0
1,1413,0
1,2543,0
16,38809,1
12,30653,0
1,1598,0
4,12150,0
21,53951,1
21,60055,1
1,2615,0
15,35237,0
17,52652,1
1,4362,0
6,16153,1
7,14424,0
3,9266,0
5,9909,1
1,2257,0
1,555,0
18,51868,1
1,2744,0
20,51473,1
1,4086,0
1,593,0
1,657,0
22,50429,0
1,3841,0
11,26909,0
14,37145,0
1,3789,0
14,34599,0
20,51605,1
6,19373,1
1,3431,0
3,5349,0
12,26085,0
15,47257,0
33,73487,1
16,37222,1
18,43548,1
8,19414,1
9,17019,1
1,2971,0
1,2697,0
6,22209,0
4,18435,0
17,35605,1
9,25588,1
6,14309,0
6,15153,1
27,71953,1
7,18771,0
7,18469,1
1,1532,0
1,2381,0
3,5766,1
1,1313,0
12,25485,0
1,3799,0
1,2683,1
32,77860,1
13,33088,1
2,5782,1
15,28724,1
7,18000,0
1,1481,1
25,58668,1
4,9218,0
1,3598,1
8,22583,1
5,9502,0
15,37614,1
20,46456,1
16,32462,1
22,61440,1
16,43029,0
5,14778,1
5,10217,0
16,43906,1
1,2839,1
5,11267,0
8,20094,0
1,4908,1
18,41066,1
1,1882,1
13,43368,1
22,54034,1
9,17757,0
14,47292,0
11,24236,1
2,6759,0
2,3440,0
25,64486,1
20,34444,1
7,15632,0
13,35010,1
1,3220,0
22,62296,0
1,2756,1
5,13020,1
14,35769,1
17,38746,1
18,41673,1
3,8563,0
9,22257,1
1,436,0
11,26045,1
15,41345,1
1,2335,0
1,3411,0
14,35438,1
12,30749,1
17,47720,1
20,55778,1
2,3528,0
4,9004,0
10,27965,1
22,54795,1
17,51600,1
1,3797,0
4,8939,0
4,9816,0
6,16021,1
12,24757,1
18,45185,0
13,39170,1
10,24641,1
23,52356,1
9,20025,0
1,5170,0
16,33153,0
17,39754,1
2,2313,0
23,48873,1
19,49556,1
1,1,0
28,69429,1
2,4810,1
1,197,0
4,12534,0
11,27562,1
3,10425,0
1,1601,0
15,34242,1
12,23902,0
22,58232,1
2,3704,0
1,1879,0
1,3435,0
24,64257,1
10,26893,0
27,56730,1
7,17363,0
19,45462,1
21,53532,0
19,42800,0
22,59573,1
12,32998,1
1,4782,0
14,28014,0
18,43946,1
21,52808,1
1,806,1
13,30839,1
4,13015,0
4,11444,0
3,6138,0
10,25976,0
23,58091,1
9,19424,0
1,2918,0
12,41746,0
10,23628,1
6,14142,0
12,36123,0
17,46791,1
30,80883,1
29,66139,1
1,2081,1
1,2106,0
14,42924,1
12,30278,0
11,21941,0
15,35332,1
23,64784,1
17,46788,1
13,33762,0
6,19734,0
1,2176,0
11,30826,0
11,29943,1
25,57631,1
9,16775,0
16,40074,1
14,30607,1
21,40023,1
1,3108,0
15,46003,0
1,2519,0
19,48811,1
16,39773,0
3,6725,0
13,38261,1
10,25324,1
13,40306,1
10,21994,0
13,33349,1
19,43498,1
2,5649,0
5,12612,1
3,5347,0
5,13419,1
10,27631,0
21,45848,1
26,63250,0
10,24309,1
27,73491,1
19,47931,1
12,27665,0
1,1812,0
1,3211,0
24,55059,1
1,5224,0
23,58770,1
12,23225,1
14,36043,0
29,68743,1
28,70698,1
3,7233,0
10,17767,1
1,2069,0
15,36820,1
15,30765,1
1,4272,0
1,2927,0
14,36516,1
11,26520,1
9,25816,1
5,10803,1
18,41072,1
5,12804,0
13,20329,1
6,15885,0
19,42763,1
10,26470,1
3,8228,0
4,9803,1
6,16836,0
10,25975,0
18,46438,1
20,49277,1
18,46679,1
20,55928,1
15,35175,1
23,59302,1
19,42723,1
1,2614,0
13,33556,1
5,13349,0
5,17457,1
1,2886,0
7,13442,0
5,10033,0
1,3008,0
18,48238,1
1,2463,0
11,24053,0
1,2076,0
7,13132,0
7,17145,0
1,4510,0
26,68170,1
16,33834,1
4,13362,1
1,3266,1
9,21996,0
24,63354,1
6,14303,0
22,56454,1
1,3861,0
11,30029,0
1,2664,0
13,29022,1
1,1730,0
15,39770,0
22,56711,1
1,4721,0
18,39842,1
9,19174,0
1,809,0
11,29643,0
1,1090,0
1,3106,0
20,46788,1
7,20671,0
5,10922,0
22,56871,1
13,20306,1
1,3553,0
6,9369,0
18,45327,1
1,2996,0
26,59771,1
28,65640,1
16,41313,0
21,46313,1
1,2656,0
9,19905,0
1,2717,0
2,3713,0
8,21701,0
14,36224,1
23,58915,1
8,22706,0
17,44277,0
10,31695,0
1,2232,0
15,35262,0
12,31058,0
9,21781,1
28,71480,1
20,46751,1
14,31187,0
1,1,0
14,40390,0
1,532,0
5,11453,0
6,16548,0
10,32094,0
1,2385,0
3,7029,1
10,21993,0
4,10792,0
16,41252,1
14,32692,1
10,15269,1
18,39167,1
26,61370,1
10,26020,1
5,13809,1
12,27190,0
12,27226,1
10,35677,1
9,18225,0
1,3080,1
24,71805,1
1,3136,0
20,43122,1
21,45340,1
11,26351,1
16,42670,0
20,57421,1
11,31438,0
14,30079,1
29,72292,1
5,13298,1
7,16750,0
1,105,0
5,10448,0
3,6904,1
6,16882,1
12,30945,1
16,37210,1
17,51698,1
16,45591,1
1,4268,0
9,20908,0
1,871,1
9,21371,0
17,50063,1
12,27623,1
12,28629,0
25,62163,1
16,34815,1
3,9557,1
17,36610,1
1,2812,0
8,9469,1
15,40246,1
26,58117,1
1,5089,0
1,2733,1
1,3229,0
20,53414,1
13,28859,0
12,31638,0
6,16032,0
23,60461,1
23,67819,1
1,1578,0
5,8687,0
10,33711,1
5,11772,0
5,16706,0
1,3644,1
18,46677,0
1,1647,1
1,2399,1
20,56509,0
17,51342,1
21,54328,1
11,25792,0
13,23005,1
1,3530,0
8,19487,1
6,18477,0
8,21983,1
8,15161,0
13,36140,1
5,12671,0
22,58622,1
14,28643,1
14,35701,1
9,27647,0
9,27755,0
17,40741,1
11,28985,1
1,1,1
4,11253,1
10,27461,0
1,3255,0
1,2477,0
2,3092,0
22,58140,0
14,34666,1
13,31730,0
8,24898,0
1,3524,0
5,11940,0
19,48434,1
11,27318,0
3,8129,0
11,26494,0
7,14236,0
19,48475,1
10,28911,1
9,21528,0
17,47019,0
12,26928,1
6,14671,1
1,1450,0
26,65845,1
1,3500,0
11,27035,0
1,3150,0
4,7485,0
3,4671,0
3,4791,1
10,15883,0
20,48772,0
21,62089,1
21,59389,1
12,29455,0
1,3545,0
18,47989,1
15,36967,1
12,37387,1
9,8333,1
13,33333,1
1,2763,0
1,3171,0
15,32500,1
1,4261,0
3,5426,0
1,1471,1
18,50195,0
14,38225,0
19,47834,1
4,11970,0
1,1122,0
16,40006,1
10,25815,1
5,11829,0
12,28658,1
14,36509,0
1,616,0
4,10172,0
11,25591,0
8,26632,0
5,10622,0
8,18521,1
14,34518,1
26,57447,0
8,24144,0
3,6034,0
28,77987,1
1,2087,0
17,41999,1
15,41229,1
16,50175,1
12,26147,0
7,13972,1
12,29449,0
10,22963,1
9,26823,0
18,46188,1
4,12057,1
12,25057,0
13,33805,1
12,26186,1
20,50819,0
1,1985,0
4,15278,0
1,3511,0
10,29913,0
22,53926,1
9,18544,1
12,35126,1
22,47579,1
15,36052,0
12,24717,0
27,69157,1
14,35120,1
1,3180,1
18,46904,1
12,22876,1
7,24208,0
11,27817,1
5,9156,0
2,1,0
19,44680,0
15,36459,0
8,19659,1
20,50562,1
27,66705,1
16,37650,1
1,3476,1
23,60034,0
1,4499,0
5,9327,0
4,15297,0
7,18176,1
15,39617,1
1,2563,0
14,41171,1
10,24725,0
1,1352,0
9,22543,1
13,33018,0
5,14607,0
8,23545,0
17,46126,0
1,3721,0
16,38635,1
24,57868,1
1,2143,1
18,49095,1
2,261,0
21,55973,1
1,488,0
7,17998,0
19,45565,1
1,2817,0
24,53899,1
1,1,0
2,3479,0
16,47069,1
1,2221,1
26,64719,0
5,14858,1
2,5008,0
1,73,1
31,77702,1
17,35439,0
16,40381,1
27,67181,1
1,604,0
10,29030,1
1,1984,0
2,5273,0
20,61057,1
19,45159,1
5,15080,0
13,31113,0
19,41759,1
7,16591,0
9,23146,1
1,4865,1
7,17436,1
18,44127,1
1,3267,0
3,7755,0
12,32159,1
21,51725,1
6,13970,0
3,3461,1
22,53239,1
17,49483,0
9,19302,1
6,10748,0
17,45005,0
3,10575,1
9,18627,0
15,36211,1
10,14849,0
1,1609,0
1,2690,1
1,2177,1
1,2588,0
16,36261,1
1,1,1
16,32936,1
2,4688,0
26,62415,1
11,28022,1
3,7160,0
13,28571,0
1,4789,0
1,3923,0
1,1990,0
12,26896,0
19,47431,1
7,9952,0
6,13236,1
7,10424,0
11,28145,0
1,2893,0
3,4106,0
17,34075,1
12,36039,0
11,32124,0
13,28430,0
1,3425,0
27,66214,1
4,5010,0
13,29058,1
3,6227,0
12,42190,1
3,5618,0
26,65296,1
1,3725,1
11,23076,0
16,29485,1
19,43751,1
7,17104,1
1,4498,0
5,7101,1
19,51130,1
1,3044,0
22,61047,0
18,45654,1
29,73567,1
1,927,0
4,10001,0
20,53306,1
5,14052,1
2,5365,0
15,35689,1
4,12581,0
6,12338,0
6,19867,1
12,29160,0
6,7204,0
18,48826,1
10,18949,0
10,26765,0
10,22477,1
18,40311,1
4,10811,0
16,43327,1
25,52701,1
16,41343,0
35,96159,1
10,26282,0
26,73077,1
15,39596,0
1,1750,0
4,7185,0
2,7009,0
8,20517,1
5,13914,0
13,34773,1
17,47585,1
10,26169,1
13,31425,1
14,38215,0
14,33440,1
25,57538,1
9,23384,1
4,10922,0
20,42961,1
9,20672,1
2,4757,0
13,33869,0
12,32881,0
16,39860,0
4,13442,0
8,27881,1
8,23121,1
17,49633,1
11,25590,0
7,22853,1
19,51941,1
4,9767,0
1,2375,0
24,51605,1
6,12806,1
2,3509,0
8,15394,0
14,25901,1
20,47324,1
5,8691,1
1,2118,0
5,6963,0
24,67529,1
1,2622,0
22,60903,1
29,70825,1
2,5548,0
6,14503,0
17,42217,1
1,2140,1
8,17648,0
35,84000,1
7,19329,0
8,18202,0
12,30559,1
16,39818,0
12,26058,0
1,1972,0
26,69635,1
21,43452,0
1,3783,0
7,20163,0
8,17307,1
19,51373,1
8,20076,0
13,33559,1
16,38018,1
16,38021,1
1,4902,1
9,19352,0
15,32385,1
1,4390,0
16,41286,1
5,19212,0
16,43330,1
1,2250,1
3,9697,0
5,15115,0
20,56987,0
17,42529,0
6,18771,0
26,67535,1
13,37737,0
1,3771,0
14,26326,1
1,1415,0
4,11862,0
8,14462,1
1,2731,0
13,34138,1
1,711,0
24,52938,1
4,9319,0
1,1083,0
6,22833,0
7,15441,0
10,31630,0
16,42166,0
23,50934,1
4,4897,0
1,3056,0
17,48704,1
1,2825,0
4,10992,0
5,14670,0
30,75948,1
11,25701,0
7,14291,0
6,15000,0
22,57793,1
11,27209,1
25,64436,1
10,28587,0
13,32693,1
14,37955,1
13,32901,1
9,20111,1
13,26245,0
27,73839,1
9,20447,1
5,11560,0
11,25320,0
13,36296,1
11,22355,0
9,19571,0
10,29845,1
19,48984,1
1,2478,0
1,3375,0
1,3127,0
6,17150,1
30,73697,1
1,1704,0
8,20175,1
2,5991,0
7,6371,0
20,46618,1
1,5897,0
12,29167,1
15,38696,0
7,17526,1
2,5723,0
15,46319,1
1,2318,1
13,32963,1
2,7389,0
14,26892,0
1,2970,0
3,10516,0
1,1961,0
9,20527,0
32,72129,1
1,1720,1
6,16853,0
17,48383,0
3,7145,0
2,3607,1
10,22241,1
14,28525,1
22,53439,1
25,61091,1
15,38564,0
6,15470,0
3,4653,0
20,42608,1
14,30984,1
21,48108,1
12,29186,1
36,90157,1
17,38117,1
3,7806,0
2,1614,0
6,10596,1
14,32650,1
25,62015,1
5,12931,0
18,54185,1
7,15924,1
10,23877,1
2,5366,1
12,30788,0
7,20308,0
1,294,0
3,11398,0
14,31265,0
1,1254,0
20,48076,1
4,8190,0
14,40971,1
7,13070,1
20,42359,1
1,1797,0
14,37655,0
21,64710,1
1,2548,1
27,69866,1
9,29917,1
20,54387,1
11,23933,1
13,33038,0
16,25423,1
2,8706,0
7,16875,1
13,40175,1
20,52356,0
1,4368,0
11,26557,1
1,1995,0
1,2840,0
22,56661,1
28,68587,1
1,2921,1
17,42975,1
14,41145,1
11,31413,0
13,32615,1
3,3227,1
1,5810,0
1,1443,0
12,28073,1
1,2254,0
1,2286,1
1,3822,1
25,68009,1
27,71498,1
1,1749,0
10,27980,1
6,15317,0
25,59075,1
15,33020,1
10,27856,1
25,66097,1
15,32297,1
23,56659,1
1,1499,0
4,6745,0
2,2915,0
1,2306,0
6,17372,0
34,80149,1
19,53149,1
2,5027,0
6,8988,0
10,26203,1
25,59836,1
31,83907,1
1,6284,0
8,19725,0
6,15255,1
15,41463,1
16,34763,1
12,32919,1
7,15306,0
1,2753,1
9,17645,1
1,4651,0
1,1888,0
14,39140,0
5,10025,0
1,3405,1
15,33970,1
22,48345,1
12,28314,1
25,72811,1
5,12737,0
9,26874,0
4,5452,0
9,28886,1
4,11878,1
9,27076,0
1,1986,1
25,66851,1
6,13182,0
14,32234,1
1,2395,0
11,27078,0
7,20338,0
19,50749,1
20,51978,1
1,2502,0
16,48572,0
1,2157,0
6,18534,1
1,4183,0
1,376,1
14,42656,1
2,6846,1
1,2113,0
23,52291,1
4,15553,0
22,57843,1
9,23570,0
11,23934,0
20,45325,1
17,37780,1
1,3498,0
9,28026,0
1,2628,1
1,2504,0
15,34404,1
19,43199,1
27,74447,1
4,7005,1
1,4144,0
1,3747,0
36,91186,1
8,22369,0
26,67637,1
3,9689,1
15,32684,1
13,23459,1
35,90760,1
14,37855,1
7,17542,1
1,3621,0
1,3240,0
6,10264,1
8,13302,1
8,23366,1
5,14069,0
21,54044,1
17,47838,1
5,13336,0
1,2607,0
11,22476,1
6,16598,1
2,8635,0
11,26997,1
1,2947,0
1,1789,0
1,3769,0
15,32553,1
18,43858,1
9,21861,0
7,14341,0
16,42134,1
5,620,1
20,56305,1
3,6272,0
2,4848,0
1,2464,0
1,1210,0
1,2017,0
1,1500,0
15,37491,0
9,23500,0
18,44900,0
2,1286,1
1,3547,0
4,5344,0
23,62238,1
14,34629,0
11,26948,0
16,40533,1
19,56615,1
9,24173,0
11,27744,0
13,41714,1
1,2765,0
15,38815,0
4,8924,0
1,1797,0
4,7674,0
6,21424,1
8,14496,1
22,56709,1
29,65050,1
14,36011,1
1,2977,0
5,13591,0
5,12709,0
16,32223,1
1,3333,0
13,34443,1
10,28500,1
5,9763,0
1,877,0
13,37555,0
1,2211,0
1,2643,0
1,3569,0
1,52,0
5,11223,0
1,2342,0
13,31662,1
14,38144,1
20,61625,1
12,30178,0
14,35174,0
21,55401,1
10,20197,0
1,1085,1
23,60844,1
17,46268,1
12,35180,1
33,86797,1
8,20837,1
8,16495,0
1,2086,0
14,41046,0
12,28048,0
12,26211,0
1,1579,0
13,37871,1
14,28242,1
1,2621,1
9,21345,1
1,3100,0
11,20647,1
11,27780,0
2,7413,0
1,1557,1
10,21242,1
1,2946,0
24,54690,1
23,57412,1
14,35437,0
14,26409,1
7,18776,1
1,1648,0
19,49675,0
15,46695,1
1,623,0
11,29606,1
1,2382,0
7,23590,1
18,44526,1
14,31980,1
8,17929,1
4,15336,0
13,30744,0
16,47058,0
26,72964,0
13,23937,1
1,3188,0
12,26581,1
1,3132,1
18,48511,1
22,53394,1
13,33794,0
20,56595,1
9,24077,1
15,43532,1
6,14987,1
4,8064,0
19,45090,1
27,58740,1
6,15948,0
12,35391,0
19,42822,1
7,20580,0
10,14336,0
6,9620,0
20,52048,1
8,19318,1
3,9923,0
17,47977,1
5,14939,0
15,37155,0
16,45152,1
9,23157,0
7,22170,0
1,2518,0
13,33131,0
4,12370,0
8,21445,1
1,4734,0
20,49856,0
16,38998,1
6,16053,0
1,2240,0
13,39814,0
12,22103,0
28,65267,1
18,41773,1
9,27195,0
5,14889,0
22,66299,1
1,2511,0
28,65855,1
1,2150,0
3,5144,0
5,12837,0
4,8893,0
18,39205,1
1,3284,0
6,16979,0
3,10043,0
23,62551,1
10,24032,0
25,51903,1
32,77611,1
8,21383,1
9,20599,1
4,12207,1
20,44441,1
10,22121,0
14,31326,0
9,17110,0
1,3521,1
5,8161,0
5,13571,0
1,2075,1
1,1,0
1,1581,0
10,20169,0
12,38223,1
22,48167,1
1,2842,0
6,15261,0
4,9629,0
2,8042,0
28,80586,1
1,1444,1
1,2083,0
6,18964,0
1,2659,0
7,16555,0
2,5289,0
12,26904,1
1,1086,0
12,32059,0
7,19353,1
5,4854,0
6,10730,0
8,13224,0
12,23514,1
1,3785,0
13,26262,1
17,40640,1
8,23410,1
8,14573,0
1,438,1
1,2878,0
2,3371,1
10,20856,1
6,10522,0
7,15422,1
11,35577,0
3,9444,0
1,4488,1
8,14105,1
14,28363,1
9,24886,1
25,68386,1
23,60922,1
15,41428,1
1,1835,0
20,47624,1
8,14143,0
9,16046,0
25,64461,1
20,46334,1
2,3735,1
18,45073,1
33,84758,1
8,15531,0
14,35140,1
1,1149,0
9,19793,0
23,56203,1
26,68435,1
1,1626,0
1,2548,0
12,31392,1
1,2571,0
20,48711,1
1,2716,0
2,4461,0
3,7807,0
3,10012,1
7,21608,0
9,23314,0
8,16050,0
1,3425,0
1,3075,0
25,64312,1
14,36875,0
22,63255,1
22,52319,1
15,41684,1
1,4099,0
1,1841,0
9,27432,0
11,23592,1
1,2114,0
23,54557,1
11,30117,0
8,20250,1
8,15686,0
4,7589,0
12,39388,0
17,52172,1
11,29035,0
1,1582,1
7,19818,0
1,3813,0
19,52946,1
1,2076,0
1,3825,0
1,870,1
4,10203,0
10,26318,0
1,1720,0
4,6045,0
3,1730,0
1,2484,0
21,55891,1
7,18143,0
8,20412,1
27,62051,1
1,1160,0
30,83665,1
4,12262,0
2,5611,0
1,3016,0
1,2495,0
7,16255,0
1,2547,0
9,22550,0
2,6883,1
4,8469,1
18,42465,1
13,39319,1
12,35915,1
11,26728,0
1,2604,0
1,3659,1
11,36165,0
1,1370,1
9,23723,1
10,25674,1
17,42994,1
19,49154,1
18,50943,1
1,4071,0
4,10462,0
6,16708,0
10,24661,0
14,33614,0
3,2700,0
1,2135,0
1,2565,0
3,9021,0
1,4726,0
9,24155,0
31,80622,1
19,48454,1
13,37223,1
7,15261,0
21,58980,1
1,1626,0
8,24257,1
15,40035,0
18,40379,1
15,44234,1
13,30726,0
9,20334,0
1,3260,0
11,31429,1
15,38119,1
8,17161,0
20,51792,1
9,13212,1
1,2831,0
9,27667,1
1,1056,1
18,49892,1
1,2352,0
7,15086,0
19,49575,1
21,45774,1
26,67445,1
9,22251,1
25,65309,1
25,64607,1
1,439,0
1,3855,0
20,44989,1
1,1354,1
21,45673,1
7,15951,1
7,10263,1
12,34464,0
7,17744,0
16,42811,1
17,43324,1
6,12995,0
2,9017,0
6,18418,1
1,3475,0
1,3659,1
1,3177,0
1,3589,0
11,19707,1
1,1756,0
19,43870,1
10,25636,0
1,1,0
7,17390,1
9,26837,1
5,13925,1
30,72027,1
25,57971,1
1,2983,0
17,42950,1
2,3194,0
1,1061,0
1,2766,0
11,30911,0
11,22504,0
6,14887,1
27,77209,1
1,3125,0
19,56403,1
9,20723,1
1,3435,1
19,50854,1
6,13123,0
23,59122,1
10,20894,0
4,1095,0
21,47672,1
5,13516,1
6,17508,1
14,34076,1
15,34510,1
14,28989,1
22,45579,1
1,1748,1
1,2823,0
1,4035,0
3,10493,0
10,23283,1
17,46968,1
14,31975,0
21,53479,1
5,9475,0
5,15706,0
1,2648,0
12,30756,0
12,37034,1
19,52566,1
1,3884,0
1,3289,0
30,72701,1
25,61042,1
7,13414,0
9,20582,0
16,41308,1
1,1786,0
10,23021,0
16,40103,0
14,30036,1
11,28684,1
1,3061,0
6,16848,0
4,8246,0
4,12440,0
1,1049,0
3,6230,0
19,48656,1
9,16463,0
4,8910,0
13,33541,1
8,14313,0
8,17312,0
14,36121,1
10,25976,1
23,69918,1
16,42104,1
34,87184,1
1,2426,0
9,22528,1
1,3061,0
5,7476,1
7,24856,0
1,4674,0
1,1777,0
14,30519,1
13,29640,1
1,4304,0
2,3670,1
5,8013,0
6,15997,1
13,32494,1
2,3907,1
4,10977,0
10,28927,0
19,35424,1
7,18596,1
1,2650,0
4,8784,0
12,35503,0
1,1771,0
21,53630,1
1,1458,0
19,44429,1
2,8998,0
4,12127,0
6,13841,0
12,33665,0
14,30909,1
1,1880,0
8,17861,0
6,10682,0
1,2598,0
1,1029,0
6,17896,1
11,21278,0
9,19341,1
1,3009,0
8,15557,0
3,5761,0
1,3087,0
28,71757,1
9,20491,0
1,2806,0
8,16976,1
1,1623,0
4,10230,1
2,3761,1
1,2864,0
30,77039,1
2,1909,0
1,2662,0
11,24433,0
1,1802,0
7,15289,0
2,1368,0
7,20012,0
27,71707,1
13,31972,1
14,41081,1
20,49352,1
9,19042,0
1,1229,1
8,22210,1
15,35812,1
12,27992,0
23,56407,1
32,78083,1
7,19825,0
9,17065,0
8,17085,0
12,29488,1
11,23836,0
4,6231,0
9,22795,0
14,31998,1
10,32340,0
10,25734,0
6,12567,0
25,65713,1
17,41643,0
4,2181,0
19,45629,1
1,3726,0
6,12080,0
15,35182,1
18,43746,1
4,8541,0
21,53027,0
29,76807,1
8,25742,0
33,81219,1
4,13113,0
8,23697,1
25,62951,1
6,16055,0
5,6344,0
40,103131,1
15,42003,1
7,14489,0
2,6277,1
8,23644,1
9,19303,0
13,36164,0
5,11691,0
11,22763,0
4,15882,1
14,29449,1
1,1414,1
22,55136,1
15,31355,1
2,5530,0
24,51607,1
16,43925,0
11,31004,0
5,8727,1
1,1416,0
6,17874,0
17,43335,1
24,60849,0
1,468,0
9,20600,1
11,28146,0
21,44258,1
8,19002,0
18,47840,1
14,32457,1
1,2148,1
5,14027,0
3,7289,1
9,21978,1
13,32061,0
1,2969,0
20,52739,1
33,90847,1
1,5192,0
5,15044,0
15,40307,0
1,1877,0
1,2856,0
14,38174,1
1,468,0
1,2572,1
3,10674,0
8,16694,0
12,23364,0
29,66158,1
1,1128,0
1,2956,0
1,2899,0
6,9119,0
22,55839,1
2,4973,0
1,779,1
12,27936,1
4,5567,0
21,52051,1
4,12114,0
23,62349,1
16,41824,1
26,59043,1
3,11124,0
11,29260,1
30,75181,1
5,13059,1
1,3782,0
12,31178,1
14,30698,1
1,1258,0
20,47642,1
1,2669,0
1,3425,0
12,32899,0
31,73261,1
24,59100,1
9,16536,1
23,58896,1
12,27054,0
20,48757,1
1,2714,0
8,23183,1
5,14668,0
19,37327,1
1,1719,0
10,28543,0
27,67701,1
19,54196,1
35,75470,1
1,1959,0
9,22146,0
17,48210,0
2,1719,1
12,32773,0
17,31946,1
25,69031,1
13,24096,1
4,7481,0
3,8786,0
6,14796,0
1,1971,1
8,19495,1
20,49166,1
9,23907,0
18,43995,1
3,10799,0
8,28850,1
4,8032,0
15,39825,1
21,50229,1
13,32249,1
1,1179,1
1,2038,0
19,41644,1
17,48304,1
16,41325,1
6,17864,0
1,3267,0
18,45877,1
21,48797,1
19,51671,1
22,59813,1
14,39581,1
14,33371,0
12,30957,1
1,2585,0
8,23206,0
1,3158,0
25,67098,1
6,19694,1
12,25137,0
3,9402,0
22,56607,1
1,3233,0
4,9648,0
16,43916,1
13,32292,1
1,3051,0
1,1610,0
1,1596,0
3,8334,0
1,3899,0
4,8607,0
6,6589,0
1,2678,0
8,15337,0
17,33746,1
7,16825,1
1,3055,0
28,65454,1
11,31526,1
9,25320,0
5,11566,0
4,7983,1
8,19551,0
16,43201,1
1,2266,0
14,41061,0
19,51660,0
1,2300,0
4,11079,1
3,3246,0
4,15305,0
2,6771,0
1,1728,0
1,1339,0
26,63654,1
2,5050,0
33,77021,1
12,27984,1
20,56254,1
23,58547,1
5,12148,1
1,737,0
11,30340,1
7,14543,1
1,2704,0
17,52340,1
11,26064,0
11,33862,0
25,71635,1
6,19954,0
18,44963,1
13,38300,1
25,63583,1
17,43521,1
14,26862,1
13,34359,1
1,957,1
16,41258,1
1,3245,0
9,21632,0
7,18933,1
7,17501,1
10,31990,0
6,13700,1
11,29717,0
12,32004,1
4,8054,0
10,21726,0
14,39799,1
20,43147,1
9,23799,0
1,2100,0
1,3972,0
4,9853,0
4,7244,1
4,7976,0
1,2680,0
3,8919,0
14,36299,1
26,60530,1
1,2323,0
8,14391,1
11,30171,1
12,29415,0
1,2195,0
8,23121,1
4,12419,0
10,22538,1
25,57887,1
1,4157,0
15,31284,1
13,31705,0
1,1486,0
4,10743,0
18,35696,1
2,3214,0
11,32233,1
2,3402,0
10,28942,0
1,1287,0
29,70465,1
9,27435,1
12,20302,0
9,28625,0
4,16652,0
6,15290,0
6,15990,0
1,3083,1
1,2022,0
1,3061,1
20,55206,1
14,33241,1
1,2510,0
1,2863,0
4,9392,0
6,15592,1
24,55636,1
1,741,0
8,21248,1
13,26771,1
11,36104,1
13,35224,0
24,66148,1
14,30168,1
14,36365,0
21,46069,1
13,35997,1
18,46298,1
11,35510,1
15,45641,1
1,2553,0
3,7126,0
18,47788,1
9,21912,0
1,2172,0
1,1334,0
21,55014,1
1,1547,1
1,2537,0
1,755,0
19,41753,0
14,35740,1
31,87048,1
7,18568,1
13,29873,0
12,30796,1
4,12154,1
1,3192,0
11,27890,0
7,21008,1
14,39566,1
9,27241,1
4,4350,0
1,1862,0
18,42885,1
12,29847,1
8,16647,1
1,1749,0
22,57226,0
1,1454,0
2,5377,0
1,2191,1
13,30817,1
1,2937,0
26,64418,1
5,12740,1
1,5325,0
11,23812,0
1,1522,0
21,54289,1
7,16683,0
10,27116,0
16,43292,1
12,29169,0
19,47800,1
5,15037,0
22,57303,1
3,11986,0
1,2755,0
1,3545,1
6,16010,0
11,21688,1
19,51261,1
12,32204,0
21,52091,1
1,3164,0
6,13675,1
8,9674,1
1,3210,0
1,2655,0
30,80025,1
20,49538,1
5,10800,0
11,18384,1
1,2256,0
29,64936,1
1,2814,0
11,27518,0
5,9142,0
5,20675,1
16,35222,1
20,50946,1
20,55349,1
1,95,1
7,19955,1
23,63063,1
7,19399,1
1,2677,0
1,4179,0
1,3049,0
14,38136,0
13,30160,0
1,96,0
19,52224,1
1,2186,0
31,75335,1
16,40083,1
8,16307,0
10,26098,0
15,35520,1
1,4988,0
14,36857,0
1,1720,0
1,2702,0
1,949,1
17,45263,1
7,16261,0
19,46429,1
1,1468,1
1,1394,0
1,2678,0
5,14561,0
10,25948,1
27,62861,1
9,20317,0
5,13272,0
9,20532,1
8,15621,0
4,8905,0
1,1529,0
4,12585,1
21,62202,1
2,3023,0
1,1456,0
31,71252,1
3,6302,0
3,7661,1
1,1277,0
4,7372,0
27,70492,1
1,2594,0
8,21238,0
7,10727,1
10,30416,0
17,39406,1
7,16117,0
9,24135,0
2,460,0
12,32434,1
1,2735,1
1,2902,0
4,8528,0
11,26287,0
8,21586,0
1,3483,0
17,27090,0
19,49021,1
7,16362,0
1,1501,0
18,52391,0
5,12520,0
15,34928,1
12,37905,0
19,47919,1
7,14748,0
1,903,0
24,56088,0
3,4221,0
21,57307,1
27,64560,1
11,29026,1
24,67331,1
1,2526,0
18,38122,1
6,13187,0
31,76803,1
5,15327,0
13,37002,1
6,11975,1
1,1974,0
18,40742,1
5,17157,0
8,16412,0
23,55413,1
5,14392,0
28,69908,1
18,40391,1
1,3669,0
13,29364,1
1,1342,0
1,3352,0
1,3104,0
24,54344,1
21,52301,1
7,17758,0
1,1700,0
9,26482,0
1,1615,0
5,13896,1
10,24517,0
1,2049,0
16,40702,1
18,35370,1
20,46269,1
5,10987,0
9,24284,0
10,21701,1
1,2544,0
23,56149,1
5,11017,1
1,727,0
15,36737,1
9,24359,0
9,24002,0
23,61583,1
6,12999,1
13,37332,0
22,51797,0
8,16137,1
5,13651,0
8,17207,0
16,52304,1
12,33379,0
8,19030,1
9,19625,0
1,1531,0
1,2673,0
27,70346,1
4,5429,1
5,9514,0
1,3536,0
11,17745,0
3,9403,0
12,25637,1
17,45554,1
18,41185,1
3,9346,0
1,1200,0
1,1,0
1,2582,1
32,80460,1
5,7407,0
18,35169,0
1,2826,0
1,5061,0
7,12187,1
1,3291,0
1,1540,0
18,43628,1
6,13340,0
20,47628,1
8,19016,0
11,30491,0
11,28719,1
3,10342,0
1,896,0
1,1740,1
12,32902,0
20,50424,1
17,43900,1
6,20226,1
2,5262,0
22,54130,1
22,58747,1
7,22615,0
31,85736,1
1,2936,1
10,23619,0
16,36706,1
6,11031,0
17,43820,1
12,25591,0
14,36844,0
19,46833,1
18,44075,1
10,16827,1
7,13267,0
1,4112,0
8,26623,1
6,16067,0
27,68435,0
7,15978,0
16,47185,0
1,2425,0
4,3059,1
19,51937,1
1,2626,0
26,63929,1
1,2547,0
5,10442,0
2,2672,0
6,14221,0
5,15481,1
26,66227,1
22,56904,0
1,1410,0
31,81137,1
1,2039,0
5,12385,0
2,5260,0
9,25852,0
1,2552,0
13,36186,1
20,39074,1
1,2753,0
1,2533,0
1,3413,1
14,37063,1
5,15867,0
14,41875,0
6,17255,0
21,53985,1
26,67978,1
9,20080,1
12,34217,1
5,16871,0
16,41050,1
11,31746,1
16,38549,0
15,28513,1
4,11111,0
7,18873,1
1,3698,0
23,49013,1
11,25219,0
1,2520,0
14,35262,0
23,57598,1
11,29203,1
1,2156,0
15,46110,1
17,38501,1
21,59602,1
8,21527,0
7,16527,0
10,22088,1
6,13352,1
9,23933,1
10,22863,0
12,34036,1
4,5230,0
21,56862,1
17,39681,1
16,43846,0
10,25821,0
1,2730,0
18,40941,1
1,3235,0
22,57318,1
6,14814,1
23,55324,1
7,24117,1
1,2498,0
13,29618,1
5,17554,0
2,5339,0
14,36122,1
17,39379,0
3,7830,0
9,13809,0
8,19765,0
16,43688,1
13,28989,0
28,74375,1
1,2848,1
25,62606,1
14,29564,0
9,21732,0
8,18981,0
17,41720,1
5,13350,1
10,21801,1
1,2189,0
25,61203,1
23,65619,1
1,2116,0
4,7367,0
13,31857,1
4,11090,0
1,3080,1
12,30534,1
1,3444,0
11,31569,0
17,45731,1
16,41395,1
2,4609,0
1,3139,0
10,24413,0
2,3350,0
17,44722,0
11,26009,1
8,23930,1
21,59369,1
12,29337,1
21,52032,1
17,50669,1
10,27725,0
18,38228,1
19,51582,1
20,47666,1
22,58840,1
20,47646,1
1,5355,0
5,9284,0
11,24334,0
10,25567,0
13,29416,1
13,24216,1
8,21255,0
19,51540,1
2,8422,0
1,1931,0
17,44618,0
11,28388,0
7,19738,0
27,74768,1
1,1969,0
2,4797,0
13,35039,0
1,2653,0
1,2601,1
25,63809,1
19,49997,1
18,46845,1
36,84064,1
1,4472,0
4,8523,0
2,5987,0
3,4840,0
6,14559,0
1,2194,0
8,23047,1
12,25868,0
9,21825,0
26,62797,0
23,59908,1
25,60909,1
23,61160,1
24,61508,1
18,55460,1
8,17871,1
2,4326,0
11,32367,0
1,3458,0
27,67046,1
10,21618,1
9,22716,1
5,16449,1
17,48399,1
3,7190,1
20,51074,1
3,10623,0
1,958,0
16,35347,1
1,4113,0
10,31652,0
14,34849,1
15,34243,1
1,5433,0
8,15997,0
40,97088,1
13,30719,0
1,1953,0
8,24796,0
1,2802,0
1,3466,0
1,752,0
2,9457,0
1,2831,0
20,51454,1
3,9787,0
16,47169,1
15,41609,1
8,16664,0
8,18001,1
14,37223,0
28,75133,1
6,11638,0
1,1563,1
13,35772,0
3,4635,0
15,36725,1
6,10166,0
1,3147,1
14,37467,1
1,3247,0
5,13319,0
9,20689,0
15,29778,1
7,13354,0
30,80326,1
6,18249,0
1,3574,1
21,54329,1
19,41390,0
22,54916,1
15,45412,0
10,18443,0
11,23452,1
3,9514,0
19,40402,1
10,19451,0
5,14391,0
3,3871,0
15,42859,1
21,50805,1
13,28527,1
1,4817,0
18,49846,1
25,62897,1
22,61629,1
1,3276,0
19,40593,1
18,46763,0
3,6679,0
12,27840,1
18,44505,1
20,54495,1
20,48313,1
18,50675,0
10,21151,0
2,4722,0
14,36856,1
25,66990,1
2,2920,0
19,54156,1
12,29296,0
29,64441,1
25,70468,1
3,7651,0
13,26393,1
15,30775,1
21,55685,1
1,2195,0
16,38966,1
5,10986,0
12,31013,0
10,22778,1
17,40250,1
24,60133,1
11,29764,0
11,24147,0
17,44007,1
7,10187,0
1,961,0
1,3030,1
1,3192,0
1,4672,0
29,79819,1
1,1217,0
2,3138,0
19,47539,1
5,7681,0
1,2041,0
6,15609,0
9,19595,0
3,9334,1
1,2884,0
11,27920,1
2,5377,0
17,49508,1
9,25309,1
3,9444,1
6,6346,0
1,2417,0
10,33092,0
20,54180,1
9,18494,1
4,5961,0
19,47988,1
25,63864,1
1,1536,0
1,2195,0
3,7914,0
3,8335,1
1,3183,0
6,10605,0
1,1818,1
15,31289,1
19,44339,1
10,28923,1
2,3160,0
1,1157,0
17,45849,1
10,24504,1
9,17995,0
1,2901,0
1,2958,1
6,16517,1
3,11257,0
5,12007,0
1,1,0
16,39243,1
7,18843,0
1,3215,0
4,8897,0
7,18622,0
18,37358,1
6,21369,0
4,10565,0
21,53691,1
1,1248,0
17,40949,1
2,5097,0
8,21954,0
31,83019,1
6,19455,0
1,3241,0
5,17201,0
17,38829,1
11,21979,0
18,40708,1
3,7424,0
17,39747,1
9,20928,0
16,41466,1
1,2947,0
12,22617,0
11,30911,0
25,68274,1
9,24172,0
8,20171,0
19,45373,1
7,19271,0
3,7468,0
8,23916,0
3,9739,0
5,8337,1
25,58087,1
8,22376,0
4,8509,0
16,42806,1
7,13212,1
23,61675,1
28,74305,1
2,5971,1
15,38375,0
20,48519,1
23,57763,1
4,4824,1
1,2758,0
7,19320,0
12,29814,1
1,2436,1
9,25875,1
15,38034,1
11,30954,0
8,21926,0
37,85808,1
8,24824,0
4,9285,1
6,13401,0
7,21461,0
4,14028,0
10,27451,0
12,34737,1
14,40235,1
20,51552,0
1,2922,0
2,3325,0
6,7250,1
1,2080,0
18,44506,0
1,3340,0
12,33891,0
3,10023,1
2,7094,0
14,34390,1
20,48839,1
5,14733,0
14,34917,1
3,3741,1
1,4366,0
16,38807,0
1,2500,0
3,10274,0
1,4043,0
1,3814,0
13,38570,0
1,1462,0
4,8037,0
1,1842,1
19,41428,1
19,41074,1
1,3403,1
9,16939,1
18,48422,1
17,42813,1
15,34784,1
10,29924,1
3,9205,0
16,43157,1
22,60141,1
1,2938,0
9,24583,1
10,23218,0
1,3237,0
3,11168,0
38,98082,1
22,47938,1
3,9087,1
3,8998,0
10,30458,0
1,1082,0
7,16239,0
4,9856,0
27,72426,1
10,19221,1
3,4524,0
10,24161,0
2,2626,1
30,80551,1
24,63149,1
1,2576,0
30,74048,1
15,37737,0
1,1825,0
7,17918,0
30,72577,1
14,31981,0
2,2548,0
20,57385,1
5,10339,1
14,40645,0
1,1837,0
11,15504,1
30,72590,1
19,40302,0
1,2819,0
15,39052,1
11,29045,1
5,12391,0
1,1624,0
1,2668,1
24,50856,1
1,516,1
6,19350,1
1,2828,0
2,2742,0
17,39827,1
13,26679,0
1,1408,0
19,42937,1
1,3727,1
18,55097,1
25,59780,1
2,6631,0
1,2253,0
22,57323,1
9,20603,1
18,46323,1
22,50609,1
18,41668,1
29,73746,1
8,26862,0
1,2586,0
14,39985,1
13,32462,0
22,53396,1
5,12844,0
18,51113,1
4,9649,0
1,4604,0
23,52420,1
1,1946,0
11,34237,1
11,24340,0
1,2496,0
23,57820,1
14,41308,1
6,10133,0
1,3086,1
1,1567,0
25,59754,1
5,15838,0
8,21184,1
6,16625,0
29,67569,1
2,5828,1
1,1989,1
12,38460,0
8,16660,1
12,29555,1
12,31313,1
15,38133,1
12,31344,0
1,3887,0
7,15786,0
11,23685,0
18,47246,1
20,58559,0
5,15311,1
13,28766,0
24,58770,1
20,37606,1
24,59374,1
13,35504,1
2,5529,0
13,28105,1
7,9214,0
19,46455,1
12,35010,0
19,50862,1
15,45577,1
7,16234,1
15,40248,1
1,4024,0
2,6047,0
1,1,0
11,24306,1
19,50411,1
7,17111,0
1,2500,1
19,40373,1
1,1118,0
8,15833,0
15,32802,1
1,2808,0
29,72523,1
13,34848,1
6,13590,0
4,13898,0
1,1300,0
20,63569,1
11,26256,1
12,29740,1
3,2505,0
9,31453,0
9,26917,0
20,46558,1
1,1,0
17,46591,1
4,4022,0
4,16336,0
3,11461,0
6,16383,1
3,4370,0
15,36232,1
1,3666,1
22,49997,1
4,11737,0
25,61754,1
22,54842,1
14,25982,1
3,7032,0
10,31052,0
1,2592,1
12,31661,1
1,3135,0
1,2413,0
27,66438,1
1,2461,0
7,21322,1
1,2572,1
22,57688,1
1,1453,0
17,35686,1
1,2133,0
7,13138,0
9,20603,0
29,70252,1
12,33381,0
13,27436,0
11,29751,1
19,60115,1
10,23857,1
1,4187,0
2,10240,0
10,22606,0
3,7516,0
13,31290,0
16,35957,0
1,1635,0
10,27402,0
7,17035,0
15,37049,0
1,1927,0
23,53139,1
22,56731,1
1,258,0
14,34563,1
21,52723,1
13,31364,0
30,75070,1
13,32863,1
9,15762,0
16,35198,1
14,34900,1
1,3373,0
6,20856,0
10,27924,1
1,3339,0
8,19515,1
27,68347,1
1,3114,0
10,25819,0
8,26207,1
5,12684,0
14,31818,1
15,38245,1
7,15547,0
18,45301,1
3,3494,0
4,9761,0
2,5442,1
15,32052,1
1,1696,0
19,47290,1
22,47268,1
1,1708,1
16,35780,1
14,35533,1
10,22860,1
12,33228,0
23,70213,1
22,59889,1
1,3097,0
13,31036,1
17,43461,1
16,34598,0
11,24714,0
1,4360,0
6,16162,0
5,14785,0
26,67174,1
21,48708,1
1,1,0
22,55938,1
1,2895,0
1,4079,0
6,17149,0
19,55301,1
7,17790,0
20,47019,1
1,3612,0
8,23013,0
1,3649,0
8,18562,0
13,33076,1
16,39063,1
6,15751,0
15,37628,1
6,13828,0
6,18969,1
16,46537,1
11,28818,0
11,29137,0
12,26554,1
25,60180,1
9,25363,1
4,9912,0
28,67565,1
1,1447,0
1,1970,0
28,66892,1
15,41348,1
1,5278,0
16,33943,1
20,47803,1
18,45610,1
23,57309,1
18,43409,1
28,74896,1
6,12778,0
10,19066,0
3,8605,1
19,50518,1
4,12577,0
20,53120,1
1,838,1
25,67659,1
20,51282,1
8,25048,0
23,56001,1
11,33723,1
17,43850,1
6,20736,0
10,19431,1
14,35853,0
5,13690,0
3,5710,0
22,57264,1
1,1303,0
1,1890,1
1,1711,1
16,35289,1
12,35009,1
12,31892,1
18,40725,1
21,51862,1
10,29731,1
3,7274,0
18,44438,1
1,4079,0
1,2557,0
1,3443,0
6,15250,0
1,4681,0
15,38560,1
9,23625,1
6,10273,1
11,24773,0
29,69673,1
6,12115,1
1,1762,1
23,47892,1
26,75928,1
2,1949,0
1,2244,0
20,42075,1
12,27045,1
14,32380,0
15,37126,1
19,43266,0
3,8380,0
1,1459,0
16,48081,1
12,33178,0
17,40663,1
19,42558,1
30,72512,1
13,31906,1
13,36182,0
1,2189,0
14,40208,0
10,23247,0
1,2551,0
5,14780,0
18,41718,0
9,14468,1
21,51084,1
10,28094,1
26,66352,1
11,32629,0
28,72663,1
17,44006,1
3,10529,0
1,5408,1
15,43070,1
15,36820,0
3,8334,0
11,33898,0
7,20674,0
1,1470,0
6,9143,1
7,20658,0
9,26544,0
11,23966,1
6,18395,0
1,3096,0
23,54245,1
1,2987,0
1,2219,0
6,21666,0
5,19376,0
20,45432,1
22,64574,1
1,2448,1
1,1563,0
16,42062,0
14,39812,1
17,39006,1
1,1815,0
16,52147,1
10,27285,0
6,15244,0
13,32570,1
13,34482,0
4,13083,0
21,47175,1
22,54099,1
3,8427,1
26,62574,1
10,22296,0
36,82416,1
6,15166,1
1,2808,0
9,22533,1
13,34641,0
21,58837,1
1,3481,0
1,3547,0
2,4936,0
19,55230,1
23,53321,1
15,33005,0
20,51341,0
12,32887,1
18,50229,1
1,1345,0
17,45139,1
18,38008,1
14,32556,0
22,48285,1
7,16380,0
17,37656,1
2,6841,0
7,15541,0
2,2219,0
1,2718,0
1,3143,0
5,9376,0
12,34836,1
1,1467,0
6,15108,1
5,13666,0
15,44007,1
7,18801,1
3,9032,0
3,9428,0
9,18689,1
9,20021,0
7,20877,1
11,27898,1
6,15149,0
7,17976,1
21,44948,1
9,21258,1
4,11799,0
4,6168,0
6,14267,0
25,69246,0
2,4182,1
6,19122,0
2,6740,0
5,15564,0
12,32470,0
27,61530,1
20,49066,1
29,71320,1
10,23139,0
6,14664,0
23,50724,1
4,11452,0
1,1355,0
27,79043,1
25,55385,1
9,15515,0
25,63691,1
18,38801,1
6,17165,1
19,46422,1
1,3089,0
1,779,1
10,26917,0
19,39429,0
30,78363,1
1,174,0
23,65774,1
17,44404,1
12,28586,0
12,35819,0
27,72420,1
15,30850,1
14,37388,1
9,28028,0
17,44833,1
3,9058,1
19,52202,1
12,31732,0
5,9128,0
1,3961,0
14,32884,1
1,2969,0
7,17618,1
8,23293,0
18,38792,1
29,76884,1
15,41057,0
5,14913,1
5,9128,1
1,5939,0
16,38210,0
12,28312,1
17,39003,1
4,10903,0
9,26882,0
16,35349,1
1,1,0
17,47407,1
14,32812,1
1,2011,0
9,24568,1
1,280,0
6,13218,0
20,52403,1
4,12287,0
11,32066,1
7,19426,0
4,6897,1
19,50219,1
9,22088,0
5,17269,0
1,1272,0
11,30439,0
9,26306,0
13,36582,0
1,1500,0
28,75416,1
8,20264,0
21,58609,1
14,41700,1
12,31328,0
16,35414,1
24,73056,1
8,21267,1
17,35363,1
1,2179,0
13,28209,0
8,22252,0
5,13840,0
18,46267,1
19,49410,1
1,1696,1
1,2472,0
2,7530,0
18,47664,1
1,1348,1
17,49228,1
17,43183,0
2,3773,0
1,4257,0
10,26907,1
22,49089,1
4,10154,0
1,950,0
22,52933,1
14,29130,0
1,3406,1
14,41843,1
13,34521,0
6,18198,0
11,30721,1
29,84818,1
15,39561,0
22,61071,1
33,79396,1
3,5464,0
14,28820,1
29,73638,1
22,55596,1
12,27062,0
13,27554,0
14,38308,1
11,31695,1
12,33912,0
2,5982,0
11,22369,1
11,27240,1
23,59910,1
10,29242,1
30,71575,1
1,1958,0
7,25333,1
28,76592,1
3,10323,1
13,42919,1
1,656,0
34,80342,1
10,30281,0
1,2746,0
3,8638,0
8,14274,0
11,34229,1
23,58500,1
16,44871,1
7,7707,0
3,6189,0
1,1,1
15,36248,1
1,2053,0
1,2964,0
18,37568,1
1,4414,0
1,2551,0
19,45747,1
10,34821,1
32,84677,1
5,17110,1
1,41,0
8,19281,0
5,14433,0
23,63808,1
11,23845,1
8,24743,0
11,31449,0
20,48456,1
13,26343,1
4,6484,0
10,21219,0
11,28496,0
19,50248,1
5,10149,1
21,51715,1
1,2854,0
16,37200,0
1,490,0
15,35460,1
1,450,0
21,51515,1
22,56140,1
12,18974,1
8,19758,0
35,87556,1
21,53166,1
11,24390,0
20,49502,1
8,14144,1
4,11823,0
20,45162,1
6,13076,0
4,8187,0
1,3184,0
1,2548,0
7,15942,1
16,42897,1
7,17423,1
6,17738,0
5,13770,0
14,30889,1
20,59151,0
13,26981,0
38,84336,1
1,3014,0
16,26040,1
2,5571,0
19,46374,1
15,30633,1
21,57010,1
10,25618,0
1,1674,0
13,29004,0
16,28815,1
19,47903,1
1,2489,0
1,128,0
10,24319,0
23,56999,1
2,4253,0
6,17166,0
16,48014,1
10,25228,0
5,9386,1
7,13022,1
11,31361,1
3,4558,0
15,35593,0
5,11596,0
11,24235,0
20,48138,0
12,34498,1
1,2323,0
11,31217,0
11,30338,1
28,75963,1
5,6389,0
1,922,0
3,3384,0
16,31014,1
12,34434,1
10,22256,1
5,9614,0
18,50670,1
16,37680,0
14,45025,1
12,22715,0
18,41452,0
18,50786,1
5,18928,0
1,1439,0
10,19387,1
11,24489,1
12,28175,0
5,13299,0
18,47016,0
15,40255,1
27,63735,1
1,3417,0
12,31183,0
9,17381,0
8,22381,0
9,16503,0
8,21075,0
1,936,0
8,19597,0
1,3411,1
17,43345,1
10,25832,1
6,13681,0
5,14198,0
1,4376,0
12,29451,0
1,1102,0
8,21084,1
17,39900,1
6,14396,0
12,30087,0
16,34835,1
17,43706,1
5,13242,0
18,46554,0
1,2735,0
20,51317,1
1,5229,0
7,15653,1
1,1294,0
7,17961,0
5,10469,0
9,21300,0
26,58923,1
21,51099,1
12,38696,0
6,11785,1
7,17591,1
24,51643,1
21,56667,1
5,12789,0
19,45200,1
9,19049,0
29,73204,0
21,59088,1
16,37623,1
25,59097,1
7,16469,0
26,66119,1
12,27329,0
1,3590,0
3,6655,0
5,15416,0
25,60539,1
23,59817,1
21,37439,1
6,18161,1
28,75497,1
2,4611,0
8,23862,0
21,56043,1
1,1448,0
13,36665,0
13,38034,1
14,33878,0
1,2789,1
6,18482,1
19,50779,1
1,1,0
11,25678,0
16,36848,1
18,42015,1
16,50996,1
23,65475,0
21,44890,1
3,4235,1
14,33808,1
13,25662,0
20,47360,1
14,30077,1
1,1927,0
1,4243,0
1,4123,1
2,3835,0
8,16561,0
3,7924,1
13,34428,1
31,86504,1
11,30226,0
14,33946,0
27,60709,1
8,25734,1
10,31847,1
19,50350,1
11,27535,1
31,85461,1
5,11683,0
32,76774,1
10,22572,0
6,17758,0
9,21287,0
1,2060,0
9,29966,0
15,34107,1
12,21562,1
1,2860,0
11,26061,0
19,50521,1
10,30303,0
10,23835,1
10,26141,0
11,33022,1
14,32979,1
6,8059,0
20,51857,1
1,1739,0
1,1139,0
34,89741,1
20,50772,1
6,13976,1
21,54524,1
1,4157,0
1,3206,0
12,32761,1
25,63420,1
5,11682,0
9,25937,1
3,6625,0
16,35676,1
6,10879,0
24,59896,1
8,21564,1
1,462,0
10,30504,0
19,46572,1
19,48747,1
9,21965,0
7,16626,1
12,28958,1
1,4704,0
3,6855,0
11,27209,0
9,19204,0
8,13883,0
14,35085,1
8,25706,0
18,54352,0
14,31687,1
27,66376,1
1,1005,1
12,29066,1
3,9032,1
7,17542,0
1,4816,1
29,72339,1
2,6038,0
13,32368,1
2,3331,0
23,56153,1
15,37106,0
1,3943,0
23,49202,1
1,2471,0
15,34488,1
25,65949,1
7,27439,0
7,12801,0
11,34413,1
9,18524,1
13,26169,1
8,25937,1
39,104979,1
1,1521,0
1,3902,0
1,2009,0
6,12877,0
29,81158,1
20,60299,1
7,19234,0
15,32421,0
1,2047,0
1,4068,0
15,34685,1
15,37263,1
11,26003,0
1,1889,0
14,38736,0
3,12155,0
21,48789,1
2,3961,0
1,2691,0
25,63341,0
6,15861,1
12,32280,0
27,67544,1
17,52981,0
19,48124,1
15,36728,1
33,86791,1
4,8252,0
11,30765,1
18,40064,1
16,41571,0
1,1350,0
7,15777,0
3,5864,0
7,10288,0
1,3591,0
23,53885,1
2,7152,1
1,4063,0
7,22917,0
7,24005,1
1,2832,0
6,14875,1
15,40679,0
22,50157,1
9,24676,0
18,44744,1
1,2628,0
23,55150,1
22,54055,1
2,4135,1
17,41684,1
13,32239,1
5,14322,0
19,50193,1
13,29475,1
1,1678,0
1,183,1
25,53186,1
10,29462,0
8,27320,0
18,44121,1
13,31413,1
7,15628,1
2,5134,0
21,47122,1
16,40249,1
1,3928,0
1,1279,0
1,4065,0
9,22278,1
10,24264,0
3,10412,0
7,17271,0
9,19564,0
7,20253,0
18,48938,0
12,35267,1
4,8468,0
12,31379,1
14,34034,1
16,38781,1
29,64083,0
10,24107,1
11,30504,1
8,19725,1
19,48870,1
14,32077,0
7,15771,1
24,60770,1
16,39889,1
5,12193,0
1,4134,0
19,51488,1
1,2510,0
16,39948,1
1,2779,0
27,71266,1
21,52050,1
29,70584,1
21,51136,1
14,32173,1
21,52913,1
16,41291,1
8,19993,1
2,2822,0
3,7629,1
12,25983,1
21,56660,1
1,2944,1
1,3942,0
7,21636,0
2,2098,0
1,2779,0
16,40820,1
1,832,0
13,27587,1
20,39241,1
1,1982,0
18,45478,0
14,31712,1
14,28527,1
15,34798,0
11,19991,1
8,25121,0
1,3116,0
10,28122,1
18,46218,1
1,1815,0
7,17651,1
10,32299,0
18,35454,1
4,17594,0
8,21244,1
8,22694,0
22,57162,1
39,90056,1
4,7936,1
3,12731,0
15,44943,0
1,1989,0
23,53305,1
6,21030,1
11,29061,0
15,47520,1
6,20039,0
13,40148,1
15,33249,1
8,17630,0
10,29579,1
1,2038,0
11,26816,1
11,31186,0
20,46618,1
3,9197,0
8,21988,0
17,45503,0
23,63205,1
19,53500,1
9,19184,0
7,19087,0
3,8693,0
19,41747,1
6,19217,0
31,71599,1
1,3711,0
1,5310,0
1,1881,0
18,46006,1
1,1970,0
1,449,0
16,42467,1
1,2355,0
7,20337,0
6,11330,0
14,37104,0
18,42609,1
5,13141,0
10,26541,0
1,484,0
10,21251,0
16,48329,1
1,9,0
15,39218,0
14,34094,1
11,25024,1
1,1750,0
14,35241,1
5,13319,0
12,30697,0
31,74717,1
2,4910,0
18,37137,1
1,1694,0
26,66649,1
15,39333,0
10,23150,0
1,7485,1
13,42340,0
34,96844,1
19,41968,1
13,35772,0
6,19142,0
15,33576,1
28,70484,1
26,70366,0
12,24334,1
22,48246,1
4,9610,1
12,34734,0
1,3166,0
11,26007,0
28,74165,1
26,66057,1
4,10662,0
10,19644,1
27,64852,1
15,41165,1
17,40191,0
1,2847,0
1,2023,0
16,41350,0
7,15581,0
1,4045,0
5,17422,0
8,20330,0
1,3939,0
8,19583,0
23,61000,1
10,23895,1
12,32799,1
15,39990,1
13,26630,1
10,28995,0
10,25673,1
16,37767,1
1,4133,0
11,27004,1
18,40168,1
19,48106,1
10,25985,1
7,10711,0
17,40826,0
2,5903,1
13,37830,0
3,10264,0
13,29206,1
6,15484,1
21,46974,1
3,5891,0
7,21768,1
4,10980,1
22,51724,1
6,18347,0
21,54584,1
12,26523,0
18,46562,1
1,3360,1
5,11326,1
1,3384,0
1,2108,0
1,2270,0
11,28738,1
5,14962,1
17,43443,1
14,29766,0
10,26525,0
4,12830,0
6,11712,0
3,6979,1
3,8474,0
1,2264,0
24,63069,1
1,3581,0
25,62858,1
13,36134,0
17,44490,1
14,39014,0
1,2328,1
24,58250,1
1,802,0
13,28960,1
1,3956,0
10,23987,1
6,14490,0
10,20244,0
15,38453,0
5,6523,1
12,21429,1
17,48368,1
19,50109,0
16,36128,1
33,75481,1
22,51342,1
12,24811,0
10,30156,1
9,27649,1
11,30465,1
34,85433,1
8,17325,0
8,12578,0
1,4956,0
14,32322,1
1,2329,1
27,68271,1
1,2202,0
25,61046,1
18,53881,1
6,13290,0
24,53713,1
8,22352,0
7,13871,0
20,42715,1
18,38698,1
20,48783,1
16,44716,1
11,27123,1
6,16911,0
1,2805,0
15,42997,1
9,33580,1
8,21595,0
1,1837,0
20,51589,0
9,28613,0
13,29888,1
3,8190,0
33,77571,1
9,27410,0
16,33567,0
1,2988,0
19,45172,1
6,13575,0
28,71419,1
14,26057,1
17,36005,1
1,1541,0
7,16201,0
8,17179,0
10,23414,1
1,4458,0
20,46469,1
32,80976,0
14,38904,1
1,2925,1
29,70907,1
5,10173,0
9,24066,1
4,12418,0
20,36999,0
25,55214,1
34,86772,1
25,61047,1
8,19156,1
9,19735,0
10,20938,1
29,77115,1
12,20805,1
1,2908,0
10,20105,1
1,3146,0
1,2999,0
16,30454,1
24,54561,1
20,46599,1
1,1,0
1,2465,0
23,52310,1
7,19363,1
1,2586,0
16,48261,1
4,7262,0
11,29154,1
5,13781,0
10,24181,0
14,31857,1
23,55733,1
22,57958,1
17,46190,0
14,35949,1
5,17065,0
10,26369,1
1,2637,0
2,6854,0
1,2343,0
1,2947,0
1,1639,1
10,23988,0
27,63670,1
13,39036,0
4,9433,1
14,31141,1
16,39729,1
7,12052,0
1,1312,0
1,2340,1
16,42054,1
8,14700,1
10,26207,0
8,21163,0
21,51805,1
2,4223,0
2,3353,0
16,39105,1
8,18737,1
4,10078,0
20,52977,1
10,33016,1
2,1314,0
24,68309,1
5,15338,0
1,1907,0
1,1873,0
1,3160,1
17,47268,1
1,3300,0
7,20956,1
1,2158,0
2,4624,0
1,2472,0
12,24053,1
3,9811,0
1,3412,0
4,8056,0
1,1577,0
8,21478,1
4,11076,0
6,15762,0
8,12705,1
18,48051,0
11,27217,0
1,1627,0
15,44543,1
3,7755,0
19,44888,1
8,18823,0
8,21838,1
1,3130,0
3,9234,0
8,23487,1
9,26704,0
1,3735,0
12,34084,1
10,25744,1
7,13046,1
8,20333,0
1,1934,0
1,1,0
1,1811,0
21,47327,1
1,4335,0
20,54483,1
16,31601,1
3,2840,0
8,23543,0
15,39914,1
16,47335,1
18,46048,1
5,15266,0
21,47104,1
9,20048,1
15,36434,0
30,69505,1
21,55517,1
1,2934,0
17,44001,1
1,2876,0
25,56298,1
7,24201,0
10,25628,1
38,89599,1
16,39655,1
4,14921,1
1,2256,1
1,3447,0
23,64378,1
1,2043,0
22,49631,1
1,3277,0
1,1212,0
9,20326,1
4,8205,0
2,7603,0
11,27310,0
17,38820,0
17,42663,1
15,38060,1
1,2509,0
11,34103,1
1,2253,1
1,3031,0
3,6091,0
8,27168,1
7,23569,1
19,41821,1
3,10422,0
2,5481,0
18,35196,1
26,62285,1
27,54263,1
2,6749,0
20,54548,1
1,3058,0
1,2878,0
32,87267,1
17,39581,0
2,2604,0
3,9594,0
8,19710,0
10,22074,0
4,7961,0
12,34385,1
23,62565,1
8,14697,1
26,62875,1
1,5113,0
4,10652,0
1,3324,1
11,28642,0
18,45348,1
20,44806,1
1,2494,0
1,3021,0
29,76342,1
15,38581,1
25,62776,1
12,28884,0
1,865,1
17,44348,1
15,32632,1
12,23521,1
4,8016,0
1,2902,0
17,43292,1
8,26414,0
1,2073,0
1,1698,0
1,4349,0
1,325,1
2,3363,0
21,46903,1
16,37939,1
15,33208,0
4,9381,0
1,1477,0
1,5947,0
18,52913,1
19,40846,1
11,23447,0
4,9184,0
18,47839,1
15,40368,1
23,60755,1
16,42618,1
22,59145,1
4,11647,1
11,22717,0
12,24297,0
6,22627,0
1,1,0
23,66601,1
18,49424,1
10,26841,1
7,17855,0
6,10534,1
19,53725,1
1,3300,0
12,37872,1
28,73654,1
4,9323,0
19,53182,0
16,31567,1
1,2978,0
1,1798,0
10,16929,0
2,3363,0
25,62798,1
5,13406,0
7,21432,0
16,36344,0
5,6022,0
13,28295,1
21,47004,1
13,39495,1
21,55087,1
1,2145,0
22,62318,1
6,12922,1
9,31155,0
10,26639,1
4,10785,0
1,4346,0
18,48136,1
11,27284,0
8,19483,0
16,40651,1
26,59098,1
26,69061,1
1,1457,0
14,34075,1
18,39056,1
30,75575,1
7,24278,1
8,22323,0
6,12131,0
7,18897,0
24,52120,0
12,28469,1
2,5465,1
26,74296,1
1,3359,0
2,2721,0
9,14539,0
15,34089,1
1,3667,0
13,37971,0
1,5112,1
17,42846,1
1,4150,0
10,22798,0
20,45245,1
3,5276,0
25,55130,1
1,1,0
17,49316,1
6,16154,0
17,46262,1
10,22520,1
33,78409,1
1,1676,0
13,32811,1
11,39188,0
4,9821,0
5,6362,0
9,18452,1
16,34519,1
21,56457,1
1,3238,0
3,12981,0
1,374,0
12,27780,1
9,16173,1
8,25077,0
10,25685,1
8,18061,1
22,55581,1
4,6464,0
17,45789,1
7,17481,1
8,21507,1
1,1189,0
19,48082,1
26,61099,1
28,70844,1
6,15370,0
1,2289,0
5,10104,0
15,42261,1
1,2186,0
1,4299,0
3,7464,0
7,19042,0
5,14221,0
17,34249,1
14,31170,1
14,29450,0
1,3412,0
25,64957,1
12,22009,0
20,64051,1
20,51168,1
18,49785,0
1,1747,0
13,23877,1
9,10366,1
1,1,0
15,32220,1
1,3838,0
11,27311,1
1,2448,0
3,7100,1
14,35150,1
7,17417,0
17,36495,1
26,68438,1
23,55297,0
1,1237,0
1,2922,0
19,55357,1
1,1,0
1,1058,0
12,35323,1
1,2378,1
17,40154,0
19,47976,1
19,49041,1
2,4670,0
10,22410,0
5,16564,0
24,68155,1
1,2378,0
16,35659,1
9,21832,0
2,6956,0
11,29349,1
15,34987,1
30,71272,1
14,29428,1
1,1,0
16,37025,1
16,32547,0
12,30384,0
20,46617,1
6,13638,1
5,6925,0
1,1786,0
26,65211,1
1,1533,0
16,41182,1
4,10371,0
5,6783,1
22,50594,1
12,33428,1
13,39900,1
14,33001,0
4,8902,0
18,42312,0
7,16538,0
1,3942,0
10,26225,0
1,2555,0
5,10436,0
3,8645,0
7,16295,0
12,30206,0
2,1453,0
1,3419,0
20,45471,1
13,34046,0
4,7872,0
23,53548,1
1,2081,0
6,12428,0
3,8616,1
4,8956,0
16,44254,1
14,29832,1
10,26992,0
1,3587,0
1,1233,0
15,29963,1
1,2672,0
15,27734,1
8,20021,0
19,47652,0
7,14038,1
14,37739,1
17,43268,1
10,18698,1
15,40012,0
8,22899,1
25,63163,1
1,1295,0
9,23524,1
15,45090,1
15,36430,1
12,25747,1
15,37881,0
10,24549,0
3,5926,0
39,91429,1
10,24594,1
37,98092,1
3,9668,1
16,30734,1
1,796,0
8,21346,0
21,56605,1
8,21836,0
21,53529,1
19,42300,1
4,6138,0
24,57771,1
7,15003,1
5,15262,0
8,15588,1
1,1442,0
16,41479,1
7,15622,0
27,67572,1
1,1494,0
1,3232,0
18,42375,1
11,27355,0
9,18221,1
3,8934,0
1,5506,0
9,17606,0
18,46561,1
25,63419,1
19,48346,1
9,23253,0
9,33478,0
9,20204,1
18,44115,1
6,12081,0
15,43727,1
18,39396,1
1,2357,0
19,51905,1
36,83445,1
12,22648,1
14,28835,1
9,20702,0
1,2484,0
7,19344,0
1,4186,0
15,36993,1
1,814,0
16,40002,1
13,30014,1
2,5486,0
13,37368,0
8,24536,0
19,52241,0
19,42332,1
5,7075,0
19,46939,0
27,66999,1
20,41519,1
26,70178,1
15,34708,0
3,7145,0
11,20895,1
15,43930,1
4,10396,0
12,30315,1
11,27256,1
20,45669,1
13,31866,1
20,53405,1
1,2745,0
15,31435,1
1,2900,0
13,28735,1
12,34754,1
1,1593,0
10,21601,1
15,35796,1
4,9138,0
5,17473,1
30,82569,1
1,2323,1
1,2149,0
27,64083,1
8,14756,0
24,63122,1
4,6820,1
7,15749,0
15,38744,1
19,50901,1
24,60483,1
1,2070,1
4,9051,0
11,29575,1
12,29295,1
21,57330,0
26,63525,1
21,52810,1
10,19830,1
1,1324,0
16,35752,1
2,5792,1
10,24303,0
1,2414,0
11,23028,0
1,4043,0
20,52567,1
5,12111,0
21,60428,1
11,25034,1
9,20181,0
6,11586,0
15,41149,0
4,12737,0
15,46999,1
13,32237,1
1,2114,0
18,41210,1
1,2930,0
1,3875,0
13,30429,0
1,2080,0
21,60409,1
9,23866,1
14,33979,1
6,14378,1
15,33156,0
19,44879,1
1,1502,0
11,29264,1
10,23060,0
8,20630,0
19,44239,1
14,39387,1
12,26939,0
1,509,0
22,52764,1
1,3203,0
6,10286,1
12,35473,0
19,48570,1
1,3277,0
6,15901,0
14,33596,1
10,21632,1
1,5116,0
10,26093,0
17,44179,0
20,53914,1
1,4434,0
23,50370,1
11,25407,1
32,80103,1
16,39689,0
1,2519,0
1,4220,1
12,38845,0
1,1855,0
5,12078,0
1,1,1
18,41286,1
12,39716,1
8,18385,0
2,5446,0
7,15272,1
4,9770,0
20,56088,1
1,2923,1
1,1710,0
1,3780,0
1,2392,0
1,812,1
1,1852,0
9,28088,0
2,6651,0
15,32514,0
16,42452,1
3,7306,0
10,29147,0
12,29360,1
7,19707,1
1,3086,0
20,54323,1
8,23228,1
33,71880,1
21,57349,1
4,8566,1
25,59233,1
10,23053,0
5,11338,1
8,21889,0
3,6889,0
2,5937,0
3,3407,0
1,2642,0
23,60787,1
10,27965,1
12,26882,0
1,3193,0
4,12418,0
1,1772,0
5,10613,0
13,36500,1
2,5120,1
1,1542,0
7,19152,0
8,16590,1
1,2616,0
1,3623,0
23,54989,0
17,47175,1
5,10339,0
9,22389,1
16,40407,1
28,61304,1
14,26054,0
1,3366,0
32,75270,1
6,16913,0
3,8557,0
15,31247,1
16,36886,1
1,3581,0
21,59205,1
3,10410,0
1,396,0
4,9806,0
6,16286,0
7,16543,1
1,3529,0
9,21471,0
19,54258,1
17,52551,1
11,20457,1
3,4948,1
9,29563,1
15,42580,0
11,33916,1
3,8057,1
2,4862,1
1,3339,0
1,2566,0
1,2620,0
1,4356,1
5,16955,0
1,3666,1
27,65733,1
15,28773,1
14,32982,1
35,94295,1
19,49915,1
22,53667,1
2,5895,0
20,49515,1
9,24883,0
9,19575,1
1,1783,0
30,68008,0
16,35154,1
1,1919,0
10,30125,1
18,35202,1
25,64888,1
22,55681,1
14,31021,0
26,67886,1
13,31782,1
15,34655,0
1,2663,1
9,23927,1
1,2383,1
1,1,1
20,40273,1
12,29140,0
5,12061,0
19,59208,1
15,28575,1
23,60098,1
9,24633,0
7,25448,0
6,16228,0
1,2757,0
29,71190,1
15,43254,1
1,2122,1
20,44351,1
6,16592,0
18,52688,1
26,68704,1
12,29625,0
21,52091,0
13,27465,0
15,30276,1
1,1310,0
6,19551,1
24,67482,1
6,17734,1
19,55874,1
9,15662,0
1,4286,1
11,29199,0
13,32111,1
9,23742,1
2,7564,0
18,49021,1
1,1943,1
6,11499,0
3,6851,1
23,54409,1
1,661,0
20,57262,1
11,28544,1
1,2824,0
12,32261,1
22,43310,1
15,45711,1
7,16293,0
9,19769,1
19,43765,1
6,8647,1
14,31019,1
11,25476,1
21,54480,1
22,56607,1
1,3164,0
1,1530,0
1,3405,0
13,34291,1
15,33591,1
9,16192,1
6,8719,0
14,35078,0
9,24274,0
19,48110,1
1,3142,0
15,39098,0
1,3956,0
20,54158,1
10,20584,0
5,13707,1
14,30106,0
36,99859,0
18,46148,1
21,49796,1
14,38325,1
2,6464,0
1,1524,0
19,49075,1
3,11812,0
25,60350,1
1,2050,0
12,30927,1
15,36562,0
18,42798,1
13,27141,1
4,9189,0
14,37266,1
22,58106,1
22,52002,1
14,41152,1
37,86574,1
25,64136,1
6,11113,1
10,26263,1
30,74610,1
22,61455,0
6,12829,1
10,27924,0
14,27643,0